fold,epoch,mse_train
0,0,0.09697843905540961
0,1,0.05266550742015373
0,2,0.036576586926354175
0,3,0.03030729039937069
0,4,0.027772300847251408
0,5,0.026721373971801125
0,6,0.026277192662257955
0,7,0.026086736472343854
0,8,0.026004451173812216
0,9,0.025969013898915917
0,10,0.025954078656085292
0,11,0.0259481351359038
0,12,0.025946091825252662
0,13,0.02594568339754887
0,14,0.02594590613086001
0,15,0.025946324159778197
0,16,0.02594675732594832
0,17,0.025947139330436884
0,18,0.025947453050379727
0,19,0.025947701203097022
0,20,0.02594789329113749
0,21,0.025948040034036328
0,22,0.025948151203081762
0,23,0.02594823496111144
0,24,0.025948297831209853
0,25,0.025948344897102443
0,26,0.0259483800616827
0,27,0.025948406293293293
0,28,0.02594842583582244
0,29,0.025948440378594964
0,30,0.02594845118977968
0,31,0.025948459219359392
0,32,0.02594846517777393
0,33,0.02594846959558235
0,34,0.02594847286852558
0,35,0.0259484752914577
0,36,0.025948477083838642
0,37,0.025948478408852647
0,38,0.025948479387725622
0,39,0.025948480110432916
0,40,0.02594848064369801
0,41,0.025948481036960597
0,42,0.02594848132682485
0,43,0.02594848154037151
0,44,0.025948481697621283
0,45,0.025948481813365412
0,46,0.025948481898524695
0,47,0.025948481961157267
0,48,0.025948482007205752
0,49,0.025948482041050196
0,50,0.025948482065917405
0,51,0.025948482084183384
0,52,0.02594848209759698
0,53,0.02594848210744484
0,54,0.025948482114673176
0,55,0.02594848211997772
0,56,0.025948482123869757
0,57,0.025948482126724855
0,58,0.025948482128818992
0,59,0.02594848213035475
0,60,0.025948482131480845
0,61,0.02594848213230649
0,62,0.02594848213291177
0,63,0.02594848213335545
0,64,0.025948482133680634
0,65,0.025948482133918947
0,66,0.025948482134093606
0,67,0.025948482134221587
0,68,0.0259484821343154
0,69,0.025948482134384124
0,70,0.025948482134434472
0,71,0.025948482134471384
0,72,0.025948482134498446
0,73,0.025948482134518232
0,74,0.025948482134532717
0,75,0.025948482134543368
0,76,0.02594848213455116
0,77,0.025948482134556836
0,78,0.02594848213456102
0,79,0.02594848213456408
0,80,0.025948482134566332
0,81,0.025948482134567966
0,82,0.025948482134569174
0,83,0.025948482134570083
0,84,0.02594848213457072
0,85,0.02594848213457121
0,86,0.02594848213457155
0,87,0.02594848213457181
0,88,0.025948482134571994
0,89,0.025948482134572123
0,90,0.0259484821345722
0,91,0.025948482134572265
0,92,0.025948482134572327
0,93,0.02594848213457238
0,94,0.025948482134572404
0,95,0.025948482134572425
0,96,0.02594848213457244
0,97,0.02594848213457245
0,98,0.02594848213457246
0,99,0.02594848213457247
0,100,0.02594848213457247
0,101,0.025948482134572477
0,102,0.025948482134572484
0,103,0.025948482134572484
0,104,0.025948482134572487
0,105,0.025948482134572487
0,106,0.025948482134572494
0,107,0.025948482134572494
0,108,0.025948482134572494
0,109,0.025948482134572494
0,110,0.025948482134572494
0,111,0.025948482134572494
0,112,0.025948482134572494
0,113,0.025948482134572494
0,114,0.025948482134572494
0,115,0.025948482134572494
0,116,0.025948482134572494
0,117,0.025948482134572494
0,118,0.025948482134572494
0,119,0.025948482134572494
0,120,0.025948482134572494
0,121,0.025948482134572494
0,122,0.025948482134572494
0,123,0.025948482134572494
0,124,0.025948482134572494
0,125,0.025948482134572494
0,126,0.025948482134572494
0,127,0.025948482134572494
0,128,0.025948482134572494
0,129,0.025948482134572494
0,130,0.025948482134572494
0,131,0.025948482134572494
0,132,0.025948482134572494
0,133,0.025948482134572494
0,134,0.025948482134572494
0,135,0.025948482134572494
0,136,0.025948482134572494
0,137,0.025948482134572494
0,138,0.025948482134572494
0,139,0.025948482134572494
0,140,0.025948482134572494
0,141,0.025948482134572494
0,142,0.025948482134572494
0,143,0.025948482134572494
0,144,0.025948482134572494
0,145,0.025948482134572494
0,146,0.025948482134572494
0,147,0.025948482134572494
0,148,0.025948482134572494
0,149,0.025948482134572494
0,150,0.025948482134572494
0,151,0.025948482134572494
0,152,0.025948482134572494
0,153,0.025948482134572494
0,154,0.025948482134572494
0,155,0.025948482134572494
0,156,0.025948482134572494
0,157,0.025948482134572494
0,158,0.025948482134572494
0,159,0.025948482134572494
0,160,0.025948482134572494
0,161,0.025948482134572494
0,162,0.025948482134572494
0,163,0.025948482134572494
0,164,0.025948482134572494
0,165,0.025948482134572494
0,166,0.025948482134572494
0,167,0.025948482134572494
0,168,0.025948482134572494
0,169,0.025948482134572494
0,170,0.025948482134572494
0,171,0.025948482134572494
0,172,0.025948482134572494
0,173,0.025948482134572494
0,174,0.025948482134572494
0,175,0.025948482134572494
0,176,0.025948482134572494
0,177,0.025948482134572494
0,178,0.025948482134572494
0,179,0.025948482134572494
0,180,0.025948482134572494
0,181,0.025948482134572494
0,182,0.025948482134572494
0,183,0.025948482134572494
0,184,0.025948482134572494
0,185,0.025948482134572494
0,186,0.025948482134572494
0,187,0.025948482134572494
0,188,0.025948482134572494
0,189,0.025948482134572494
0,190,0.025948482134572494
0,191,0.025948482134572494
0,192,0.025948482134572494
0,193,0.025948482134572494
0,194,0.025948482134572494
0,195,0.025948482134572494
0,196,0.025948482134572494
0,197,0.025948482134572494
0,198,0.025948482134572494
0,199,0.025948482134572494
0,200,0.025948482134572494
0,201,0.025948482134572494
0,202,0.025948482134572494
0,203,0.025948482134572494
0,204,0.025948482134572494
0,205,0.025948482134572494
0,206,0.025948482134572494
0,207,0.025948482134572494
0,208,0.025948482134572494
0,209,0.025948482134572494
0,210,0.025948482134572494
0,211,0.025948482134572494
0,212,0.025948482134572494
0,213,0.025948482134572494
0,214,0.025948482134572494
0,215,0.025948482134572494
0,216,0.025948482134572494
0,217,0.025948482134572494
0,218,0.025948482134572494
0,219,0.025948482134572494
0,220,0.025948482134572494
0,221,0.025948482134572494
0,222,0.025948482134572494
0,223,0.025948482134572494
0,224,0.025948482134572494
0,225,0.025948482134572494
0,226,0.025948482134572494
0,227,0.025948482134572494
0,228,0.025948482134572494
0,229,0.025948482134572494
0,230,0.025948482134572494
0,231,0.025948482134572494
0,232,0.025948482134572494
0,233,0.025948482134572494
0,234,0.025948482134572494
0,235,0.025948482134572494
0,236,0.025948482134572494
0,237,0.025948482134572494
0,238,0.025948482134572494
0,239,0.025948482134572494
0,240,0.025948482134572494
0,241,0.025948482134572494
0,242,0.025948482134572494
0,243,0.025948482134572494
0,244,0.025948482134572494
0,245,0.025948482134572494
0,246,0.025948482134572494
0,247,0.025948482134572494
0,248,0.025948482134572494
0,249,0.025948482134572494
0,250,0.025948482134572494
0,251,0.025948482134572494
0,252,0.025948482134572494
0,253,0.025948482134572494
0,254,0.025948482134572494
0,255,0.025948482134572494
0,256,0.025948482134572494
0,257,0.025948482134572494
0,258,0.025948482134572494
0,259,0.025948482134572494
0,260,0.025948482134572494
0,261,0.025948482134572494
0,262,0.025948482134572494
0,263,0.025948482134572494
0,264,0.025948482134572494
0,265,0.025948482134572494
0,266,0.025948482134572494
0,267,0.025948482134572494
0,268,0.025948482134572494
0,269,0.025948482134572494
0,270,0.025948482134572494
0,271,0.025948482134572494
0,272,0.025948482134572494
0,273,0.025948482134572494
0,274,0.025948482134572494
0,275,0.025948482134572494
0,276,0.025948482134572494
0,277,0.025948482134572494
0,278,0.025948482134572494
0,279,0.025948482134572494
0,280,0.025948482134572494
0,281,0.025948482134572494
0,282,0.025948482134572494
0,283,0.025948482134572494
0,284,0.025948482134572494
0,285,0.025948482134572494
0,286,0.025948482134572494
0,287,0.025948482134572494
0,288,0.025948482134572494
0,289,0.025948482134572494
0,290,0.025948482134572494
0,291,0.025948482134572494
0,292,0.025948482134572494
0,293,0.025948482134572494
0,294,0.025948482134572494
0,295,0.025948482134572494
0,296,0.025948482134572494
0,297,0.025948482134572494
0,298,0.025948482134572494
0,299,0.025948482134572494
0,300,0.025948482134572494
0,301,0.025948482134572494
0,302,0.025948482134572494
0,303,0.025948482134572494
0,304,0.025948482134572494
0,305,0.025948482134572494
0,306,0.025948482134572494
0,307,0.025948482134572494
0,308,0.025948482134572494
0,309,0.025948482134572494
0,310,0.025948482134572494
0,311,0.025948482134572494
0,312,0.025948482134572494
0,313,0.025948482134572494
0,314,0.025948482134572494
0,315,0.025948482134572494
0,316,0.025948482134572494
0,317,0.025948482134572494
0,318,0.025948482134572494
0,319,0.025948482134572494
0,320,0.025948482134572494
0,321,0.025948482134572494
0,322,0.025948482134572494
0,323,0.025948482134572494
0,324,0.025948482134572494
0,325,0.025948482134572494
0,326,0.025948482134572494
0,327,0.025948482134572494
0,328,0.025948482134572494
0,329,0.025948482134572494
0,330,0.025948482134572494
0,331,0.025948482134572494
0,332,0.025948482134572494
0,333,0.025948482134572494
0,334,0.025948482134572494
0,335,0.025948482134572494
0,336,0.025948482134572494
0,337,0.025948482134572494
0,338,0.025948482134572494
0,339,0.025948482134572494
0,340,0.025948482134572494
0,341,0.025948482134572494
0,342,0.025948482134572494
0,343,0.025948482134572494
0,344,0.025948482134572494
0,345,0.025948482134572494
0,346,0.025948482134572494
0,347,0.025948482134572494
0,348,0.025948482134572494
0,349,0.025948482134572494
0,350,0.025948482134572494
0,351,0.025948482134572494
0,352,0.025948482134572494
0,353,0.025948482134572494
0,354,0.025948482134572494
0,355,0.025948482134572494
0,356,0.025948482134572494
0,357,0.025948482134572494
0,358,0.025948482134572494
0,359,0.025948482134572494
0,360,0.025948482134572494
0,361,0.025948482134572494
0,362,0.025948482134572494
0,363,0.025948482134572494
0,364,0.025948482134572494
0,365,0.025948482134572494
0,366,0.025948482134572494
0,367,0.025948482134572494
0,368,0.025948482134572494
0,369,0.025948482134572494
0,370,0.025948482134572494
0,371,0.025948482134572494
0,372,0.025948482134572494
0,373,0.025948482134572494
0,374,0.025948482134572494
0,375,0.025948482134572494
0,376,0.025948482134572494
0,377,0.025948482134572494
0,378,0.025948482134572494
0,379,0.025948482134572494
0,380,0.025948482134572494
0,381,0.025948482134572494
0,382,0.025948482134572494
0,383,0.025948482134572494
0,384,0.025948482134572494
0,385,0.025948482134572494
0,386,0.025948482134572494
0,387,0.025948482134572494
0,388,0.025948482134572494
0,389,0.025948482134572494
0,390,0.025948482134572494
0,391,0.025948482134572494
0,392,0.025948482134572494
0,393,0.025948482134572494
0,394,0.025948482134572494
0,395,0.025948482134572494
0,396,0.025948482134572494
0,397,0.025948482134572494
0,398,0.025948482134572494
0,399,0.025948482134572494
0,400,0.025948482134572494
0,401,0.025948482134572494
0,402,0.025948482134572494
0,403,0.025948482134572494
0,404,0.025948482134572494
0,405,0.025948482134572494
0,406,0.025948482134572494
0,407,0.025948482134572494
0,408,0.025948482134572494
0,409,0.025948482134572494
0,410,0.025948482134572494
0,411,0.025948482134572494
0,412,0.025948482134572494
0,413,0.025948482134572494
0,414,0.025948482134572494
0,415,0.025948482134572494
0,416,0.025948482134572494
0,417,0.025948482134572494
0,418,0.025948482134572494
0,419,0.025948482134572494
0,420,0.025948482134572494
0,421,0.025948482134572494
0,422,0.025948482134572494
0,423,0.025948482134572494
0,424,0.025948482134572494
0,425,0.025948482134572494
0,426,0.025948482134572494
0,427,0.025948482134572494
0,428,0.025948482134572494
0,429,0.025948482134572494
0,430,0.025948482134572494
0,431,0.025948482134572494
0,432,0.025948482134572494
0,433,0.025948482134572494
0,434,0.025948482134572494
0,435,0.025948482134572494
0,436,0.025948482134572494
0,437,0.025948482134572494
0,438,0.025948482134572494
0,439,0.025948482134572494
0,440,0.025948482134572494
0,441,0.025948482134572494
0,442,0.025948482134572494
0,443,0.025948482134572494
0,444,0.025948482134572494
0,445,0.025948482134572494
0,446,0.025948482134572494
0,447,0.025948482134572494
0,448,0.025948482134572494
0,449,0.025948482134572494
0,450,0.025948482134572494
0,451,0.025948482134572494
0,452,0.025948482134572494
0,453,0.025948482134572494
0,454,0.025948482134572494
0,455,0.025948482134572494
0,456,0.025948482134572494
0,457,0.025948482134572494
0,458,0.025948482134572494
0,459,0.025948482134572494
0,460,0.025948482134572494
0,461,0.025948482134572494
0,462,0.025948482134572494
0,463,0.025948482134572494
0,464,0.025948482134572494
0,465,0.025948482134572494
0,466,0.025948482134572494
0,467,0.025948482134572494
0,468,0.025948482134572494
0,469,0.025948482134572494
0,470,0.025948482134572494
0,471,0.025948482134572494
0,472,0.025948482134572494
0,473,0.025948482134572494
0,474,0.025948482134572494
0,475,0.025948482134572494
0,476,0.025948482134572494
0,477,0.025948482134572494
0,478,0.025948482134572494
0,479,0.025948482134572494
0,480,0.025948482134572494
0,481,0.025948482134572494
0,482,0.025948482134572494
0,483,0.025948482134572494
0,484,0.025948482134572494
0,485,0.025948482134572494
0,486,0.025948482134572494
0,487,0.025948482134572494
0,488,0.025948482134572494
0,489,0.025948482134572494
0,490,0.025948482134572494
0,491,0.025948482134572494
0,492,0.025948482134572494
0,493,0.025948482134572494
0,494,0.025948482134572494
0,495,0.025948482134572494
0,496,0.025948482134572494
0,497,0.025948482134572494
0,498,0.025948482134572494
0,499,0.025948482134572494
1,0,0.11090009455292231
1,1,0.05549694510746733
1,2,0.037464409224141126
1,3,0.030793214239617027
1,4,0.028180876256978377
1,5,0.02713095543289609
1,6,0.02670578940431128
1,7,0.02653590354686089
1,8,0.026471361431668134
1,9,0.026450071839948623
1,10,0.02644600310044383
1,11,0.02644822760496603
1,12,0.026452237093485563
1,13,0.02645626818993562
1,14,0.02645972189363921
1,15,0.026462477106044793
1,16,0.02646459285081793
1,17,0.026466181609756542
1,18,0.026467358258309513
1,19,0.02646822205251927
1,20,0.02646885257955034
1,21,0.026469311144176378
1,22,0.026469643863014942
1,23,0.026469884920254372
1,24,0.026470059417616862
1,25,0.026470185675490598
1,26,0.026470277012336556
1,27,0.026470343086037764
1,28,0.026470390889135154
1,29,0.026470425479810853
1,30,0.0264704505152734
1,31,0.02647046863931439
1,32,0.026470481763151144
1,33,0.02647049126860332
1,34,0.026470498154942727
1,35,0.026470503144981422
1,36,0.026470506761699937
1,37,0.026470509383599402
1,38,0.02647051128469126
1,39,0.026470512663396187
1,40,0.026470513663433927
1,41,0.026470514388928716
1,42,0.026470514915335478
1,43,0.026470515297345298
1,44,0.02647051557460748
1,45,0.026470515775871884
1,46,0.02647051592198904
1,47,0.02647051602808316
1,48,0.02647051610512651
1,49,0.026470516161080548
1,50,0.026470516201722808
1,51,0.026470516231246712
1,52,0.026470516252696235
1,53,0.026470516268281296
1,54,0.02647051627960646
1,55,0.026470516287836938
1,56,0.026470516293818976
1,57,0.02647051629816725
1,58,0.02647051630132829
1,59,0.02647051630362646
1,60,0.02647051630529745
1,61,0.026470516306512513
1,62,0.026470516307396167
1,63,0.02647051630803884
1,64,0.026470516308506307
1,65,0.026470516308846368
1,66,0.02647051630909373
1,67,0.026470516309273683
1,68,0.026470516309404637
1,69,0.02647051630949995
1,70,0.026470516309569304
1,71,0.026470516309619736
1,72,0.026470516309656477
1,73,0.026470516309683233
1,74,0.02647051630970272
1,75,0.02647051630971688
1,76,0.02647051630972718
1,77,0.02647051630973471
1,78,0.026470516309740195
1,79,0.026470516309744164
1,80,0.026470516309747064
1,81,0.026470516309749174
1,82,0.026470516309750707
1,83,0.026470516309751828
1,84,0.026470516309752647
1,85,0.026470516309753243
1,86,0.026470516309753698
1,87,0.026470516309754003
1,88,0.02647051630975422
1,89,0.026470516309754402
1,90,0.02647051630975451
1,91,0.026470516309754596
1,92,0.02647051630975467
1,93,0.026470516309754725
1,94,0.02647051630975476
1,95,0.026470516309754787
1,96,0.02647051630975481
1,97,0.02647051630975483
1,98,0.02647051630975484
1,99,0.02647051630975484
1,100,0.02647051630975485
1,101,0.02647051630975485
1,102,0.026470516309754857
1,103,0.026470516309754864
1,104,0.026470516309754864
1,105,0.026470516309754864
1,106,0.026470516309754867
1,107,0.026470516309754867
1,108,0.026470516309754874
1,109,0.026470516309754867
1,110,0.026470516309754874
1,111,0.026470516309754867
1,112,0.026470516309754867
1,113,0.026470516309754874
1,114,0.026470516309754874
1,115,0.026470516309754874
1,116,0.026470516309754874
1,117,0.026470516309754874
1,118,0.026470516309754874
1,119,0.026470516309754874
1,120,0.026470516309754874
1,121,0.026470516309754874
1,122,0.026470516309754874
1,123,0.026470516309754874
1,124,0.026470516309754874
1,125,0.026470516309754874
1,126,0.026470516309754874
1,127,0.026470516309754874
1,128,0.026470516309754874
1,129,0.026470516309754874
1,130,0.026470516309754874
1,131,0.026470516309754874
1,132,0.026470516309754874
1,133,0.026470516309754874
1,134,0.026470516309754874
1,135,0.026470516309754874
1,136,0.026470516309754874
1,137,0.026470516309754874
1,138,0.026470516309754874
1,139,0.026470516309754874
1,140,0.026470516309754874
1,141,0.026470516309754874
1,142,0.026470516309754874
1,143,0.026470516309754874
1,144,0.026470516309754874
1,145,0.026470516309754874
1,146,0.026470516309754874
1,147,0.026470516309754874
1,148,0.026470516309754874
1,149,0.026470516309754874
1,150,0.026470516309754874
1,151,0.026470516309754874
1,152,0.026470516309754874
1,153,0.026470516309754874
1,154,0.026470516309754874
1,155,0.026470516309754874
1,156,0.026470516309754874
1,157,0.026470516309754874
1,158,0.026470516309754874
1,159,0.026470516309754874
1,160,0.026470516309754874
1,161,0.026470516309754874
1,162,0.026470516309754874
1,163,0.026470516309754874
1,164,0.026470516309754874
1,165,0.026470516309754874
1,166,0.026470516309754874
1,167,0.026470516309754874
1,168,0.026470516309754874
1,169,0.026470516309754874
1,170,0.026470516309754874
1,171,0.026470516309754874
1,172,0.026470516309754874
1,173,0.026470516309754874
1,174,0.026470516309754874
1,175,0.026470516309754874
1,176,0.026470516309754874
1,177,0.026470516309754874
1,178,0.026470516309754874
1,179,0.026470516309754874
1,180,0.026470516309754874
1,181,0.026470516309754874
1,182,0.026470516309754874
1,183,0.026470516309754874
1,184,0.026470516309754874
1,185,0.026470516309754874
1,186,0.026470516309754874
1,187,0.026470516309754874
1,188,0.026470516309754874
1,189,0.026470516309754874
1,190,0.026470516309754874
1,191,0.026470516309754874
1,192,0.026470516309754874
1,193,0.026470516309754874
1,194,0.026470516309754874
1,195,0.026470516309754874
1,196,0.026470516309754874
1,197,0.026470516309754874
1,198,0.026470516309754874
1,199,0.026470516309754874
1,200,0.026470516309754874
1,201,0.026470516309754874
1,202,0.026470516309754874
1,203,0.026470516309754874
1,204,0.026470516309754874
1,205,0.026470516309754874
1,206,0.026470516309754874
1,207,0.026470516309754874
1,208,0.026470516309754874
1,209,0.026470516309754874
1,210,0.026470516309754874
1,211,0.026470516309754874
1,212,0.026470516309754874
1,213,0.026470516309754874
1,214,0.026470516309754874
1,215,0.026470516309754874
1,216,0.026470516309754874
1,217,0.026470516309754874
1,218,0.026470516309754874
1,219,0.026470516309754874
1,220,0.026470516309754874
1,221,0.026470516309754874
1,222,0.026470516309754874
1,223,0.026470516309754874
1,224,0.026470516309754874
1,225,0.026470516309754874
1,226,0.026470516309754874
1,227,0.026470516309754874
1,228,0.026470516309754874
1,229,0.026470516309754874
1,230,0.026470516309754874
1,231,0.026470516309754874
1,232,0.026470516309754874
1,233,0.026470516309754874
1,234,0.026470516309754874
1,235,0.026470516309754874
1,236,0.026470516309754874
1,237,0.026470516309754874
1,238,0.026470516309754874
1,239,0.026470516309754874
1,240,0.026470516309754874
1,241,0.026470516309754874
1,242,0.026470516309754874
1,243,0.026470516309754874
1,244,0.026470516309754874
1,245,0.026470516309754874
1,246,0.026470516309754874
1,247,0.026470516309754874
1,248,0.026470516309754874
1,249,0.026470516309754874
1,250,0.026470516309754874
1,251,0.026470516309754874
1,252,0.026470516309754874
1,253,0.026470516309754874
1,254,0.026470516309754874
1,255,0.026470516309754874
1,256,0.026470516309754874
1,257,0.026470516309754874
1,258,0.026470516309754874
1,259,0.026470516309754874
1,260,0.026470516309754874
1,261,0.026470516309754874
1,262,0.026470516309754874
1,263,0.026470516309754874
1,264,0.026470516309754874
1,265,0.026470516309754874
1,266,0.026470516309754874
1,267,0.026470516309754874
1,268,0.026470516309754874
1,269,0.026470516309754874
1,270,0.026470516309754874
1,271,0.026470516309754874
1,272,0.026470516309754874
1,273,0.026470516309754874
1,274,0.026470516309754874
1,275,0.026470516309754874
1,276,0.026470516309754874
1,277,0.026470516309754874
1,278,0.026470516309754874
1,279,0.026470516309754874
1,280,0.026470516309754874
1,281,0.026470516309754874
1,282,0.026470516309754874
1,283,0.026470516309754874
1,284,0.026470516309754874
1,285,0.026470516309754874
1,286,0.026470516309754874
1,287,0.026470516309754874
1,288,0.026470516309754874
1,289,0.026470516309754874
1,290,0.026470516309754874
1,291,0.026470516309754874
1,292,0.026470516309754874
1,293,0.026470516309754874
1,294,0.026470516309754874
1,295,0.026470516309754874
1,296,0.026470516309754874
1,297,0.026470516309754874
1,298,0.026470516309754874
1,299,0.026470516309754874
1,300,0.026470516309754874
1,301,0.026470516309754874
1,302,0.026470516309754874
1,303,0.026470516309754874
1,304,0.026470516309754874
1,305,0.026470516309754874
1,306,0.026470516309754874
1,307,0.026470516309754874
1,308,0.026470516309754874
1,309,0.026470516309754874
1,310,0.026470516309754874
1,311,0.026470516309754874
1,312,0.026470516309754874
1,313,0.026470516309754874
1,314,0.026470516309754874
1,315,0.026470516309754874
1,316,0.026470516309754874
1,317,0.026470516309754874
1,318,0.026470516309754874
1,319,0.026470516309754874
1,320,0.026470516309754874
1,321,0.026470516309754874
1,322,0.026470516309754874
1,323,0.026470516309754874
1,324,0.026470516309754874
1,325,0.026470516309754874
1,326,0.026470516309754874
1,327,0.026470516309754874
1,328,0.026470516309754874
1,329,0.026470516309754874
1,330,0.026470516309754874
1,331,0.026470516309754874
1,332,0.026470516309754874
1,333,0.026470516309754874
1,334,0.026470516309754874
1,335,0.026470516309754874
1,336,0.026470516309754874
1,337,0.026470516309754874
1,338,0.026470516309754874
1,339,0.026470516309754874
1,340,0.026470516309754874
1,341,0.026470516309754874
1,342,0.026470516309754874
1,343,0.026470516309754874
1,344,0.026470516309754874
1,345,0.026470516309754874
1,346,0.026470516309754874
1,347,0.026470516309754874
1,348,0.026470516309754874
1,349,0.026470516309754874
1,350,0.026470516309754874
1,351,0.026470516309754874
1,352,0.026470516309754874
1,353,0.026470516309754874
1,354,0.026470516309754874
1,355,0.026470516309754874
1,356,0.026470516309754874
1,357,0.026470516309754874
1,358,0.026470516309754874
1,359,0.026470516309754874
1,360,0.026470516309754874
1,361,0.026470516309754874
1,362,0.026470516309754874
1,363,0.026470516309754874
1,364,0.026470516309754874
1,365,0.026470516309754874
1,366,0.026470516309754874
1,367,0.026470516309754874
1,368,0.026470516309754874
1,369,0.026470516309754874
1,370,0.026470516309754874
1,371,0.026470516309754874
1,372,0.026470516309754874
1,373,0.026470516309754874
1,374,0.026470516309754874
1,375,0.026470516309754874
1,376,0.026470516309754874
1,377,0.026470516309754874
1,378,0.026470516309754874
1,379,0.026470516309754874
1,380,0.026470516309754874
1,381,0.026470516309754874
1,382,0.026470516309754874
1,383,0.026470516309754874
1,384,0.026470516309754874
1,385,0.026470516309754874
1,386,0.026470516309754874
1,387,0.026470516309754874
1,388,0.026470516309754874
1,389,0.026470516309754874
1,390,0.026470516309754874
1,391,0.026470516309754874
1,392,0.026470516309754874
1,393,0.026470516309754874
1,394,0.026470516309754874
1,395,0.026470516309754874
1,396,0.026470516309754874
1,397,0.026470516309754874
1,398,0.026470516309754874
1,399,0.026470516309754874
1,400,0.026470516309754874
1,401,0.026470516309754874
1,402,0.026470516309754874
1,403,0.026470516309754874
1,404,0.026470516309754874
1,405,0.026470516309754874
1,406,0.026470516309754874
1,407,0.026470516309754874
1,408,0.026470516309754874
1,409,0.026470516309754874
1,410,0.026470516309754874
1,411,0.026470516309754874
1,412,0.026470516309754874
1,413,0.026470516309754874
1,414,0.026470516309754874
1,415,0.026470516309754874
1,416,0.026470516309754874
1,417,0.026470516309754874
1,418,0.026470516309754874
1,419,0.026470516309754874
1,420,0.026470516309754874
1,421,0.026470516309754874
1,422,0.026470516309754874
1,423,0.026470516309754874
1,424,0.026470516309754874
1,425,0.026470516309754874
1,426,0.026470516309754874
1,427,0.026470516309754874
1,428,0.026470516309754874
1,429,0.026470516309754874
1,430,0.026470516309754874
1,431,0.026470516309754874
1,432,0.026470516309754874
1,433,0.026470516309754874
1,434,0.026470516309754874
1,435,0.026470516309754874
1,436,0.026470516309754874
1,437,0.026470516309754874
1,438,0.026470516309754874
1,439,0.026470516309754874
1,440,0.026470516309754874
1,441,0.026470516309754874
1,442,0.026470516309754874
1,443,0.026470516309754874
1,444,0.026470516309754874
1,445,0.026470516309754874
1,446,0.026470516309754874
1,447,0.026470516309754874
1,448,0.026470516309754874
1,449,0.026470516309754874
1,450,0.026470516309754874
1,451,0.026470516309754874
1,452,0.026470516309754874
1,453,0.026470516309754874
1,454,0.026470516309754874
1,455,0.026470516309754874
1,456,0.026470516309754874
1,457,0.026470516309754874
1,458,0.026470516309754874
1,459,0.026470516309754874
1,460,0.026470516309754874
1,461,0.026470516309754874
1,462,0.026470516309754874
1,463,0.026470516309754874
1,464,0.026470516309754874
1,465,0.026470516309754874
1,466,0.026470516309754874
1,467,0.026470516309754874
1,468,0.026470516309754874
1,469,0.026470516309754874
1,470,0.026470516309754874
1,471,0.026470516309754874
1,472,0.026470516309754874
1,473,0.026470516309754874
1,474,0.026470516309754874
1,475,0.026470516309754874
1,476,0.026470516309754874
1,477,0.026470516309754874
1,478,0.026470516309754874
1,479,0.026470516309754874
1,480,0.026470516309754874
1,481,0.026470516309754874
1,482,0.026470516309754874
1,483,0.026470516309754874
1,484,0.026470516309754874
1,485,0.026470516309754874
1,486,0.026470516309754874
1,487,0.026470516309754874
1,488,0.026470516309754874
1,489,0.026470516309754874
1,490,0.026470516309754874
1,491,0.026470516309754874
1,492,0.026470516309754874
1,493,0.026470516309754874
1,494,0.026470516309754874
1,495,0.026470516309754874
1,496,0.026470516309754874
1,497,0.026470516309754874
1,498,0.026470516309754874
1,499,0.026470516309754874
2,0,0.14089184260539528
2,1,0.06374527815153465
2,2,0.03966423059576855
2,3,0.03127523812656706
2,4,0.02822703707256123
2,5,0.027102989585500267
2,6,0.026687655707911432
2,7,0.026535341582645616
2,8,0.026480584449321137
2,9,0.026461712794373926
2,10,0.02645578324976122
2,11,0.02645433376653324
2,12,0.02645430372350018
2,13,0.02645462970973239
2,14,0.026454972682504005
2,15,0.026455246133074827
2,16,0.026455444474608236
2,17,0.02645558301446522
2,18,0.026455678632252292
2,19,0.02645574474577275
2,20,0.026455790896546635
2,21,0.026455823548409696
2,22,0.026455846992512626
2,23,0.026455864065761208
2,24,0.0264558766555289
2,25,0.026455886034481044
2,26,0.026455893076336955
2,27,0.026455898393092144
2,28,0.0264559024220974
2,29,0.026455905481677124
2,30,0.026455907807147915
2,31,0.026455909574611466
2,32,0.02645591091705357
2,33,0.026455911935523584
2,34,0.02645591270709739
2,35,0.02645591329068002
2,36,0.0264559137313151
2,37,0.02645591406343144
2,38,0.026455914313315045
2,39,0.026455914501002827
2,40,0.026455914641740002
2,41,0.026455914747102238
2,42,0.026455914825860627
2,43,0.026455914884647234
2,44,0.02645591492846644
2,45,0.026455914961086777
2,46,0.026455914985340844
2,47,0.026455915003353796
2,48,0.026455915016717253
2,49,0.026455915026621403
2,50,0.026455915033954846
2,51,0.02645591503938001
2,52,0.026455915043390166
2,53,0.02645591504635212
2,54,0.026455915048538236
2,55,0.026455915050150634
2,56,0.026455915051339172
2,57,0.02645591505221471
2,58,0.02645591505285934
2,59,0.026455915053333712
2,60,0.026455915053682603
2,61,0.026455915053939145
2,62,0.026455915054127623
2,63,0.026455915054266074
2,64,0.02645591505436776
2,65,0.02645591505444238
2,66,0.026455915054497153
2,67,0.026455915054537347
2,68,0.026455915054566802
2,69,0.026455915054588393
2,70,0.026455915054604213
2,71,0.026455915054615826
2,72,0.02645591505462435
2,73,0.02645591505463055
2,74,0.026455915054635116
2,75,0.02645591505463845
2,76,0.02645591505464087
2,77,0.026455915054642672
2,78,0.026455915054643963
2,79,0.02645591505464493
2,80,0.02645591505464564
2,81,0.026455915054646145
2,82,0.02645591505464652
2,83,0.02645591505464681
2,84,0.026455915054647016
2,85,0.02645591505464716
2,86,0.026455915054647255
2,87,0.026455915054647332
2,88,0.026455915054647384
2,89,0.026455915054647425
2,90,0.026455915054647453
2,91,0.02645591505464747
2,92,0.026455915054647488
2,93,0.0264559150546475
2,94,0.0264559150546475
2,95,0.02645591505464751
2,96,0.026455915054647516
2,97,0.026455915054647516
2,98,0.026455915054647516
2,99,0.026455915054647523
2,100,0.026455915054647523
2,101,0.026455915054647523
2,102,0.026455915054647523
2,103,0.026455915054647523
2,104,0.026455915054647523
2,105,0.026455915054647523
2,106,0.026455915054647523
2,107,0.026455915054647523
2,108,0.026455915054647523
2,109,0.026455915054647523
2,110,0.026455915054647523
2,111,0.026455915054647523
2,112,0.026455915054647523
2,113,0.026455915054647523
2,114,0.026455915054647523
2,115,0.026455915054647523
2,116,0.026455915054647523
2,117,0.026455915054647523
2,118,0.026455915054647523
2,119,0.026455915054647523
2,120,0.026455915054647523
2,121,0.026455915054647523
2,122,0.026455915054647523
2,123,0.026455915054647523
2,124,0.026455915054647523
2,125,0.026455915054647523
2,126,0.026455915054647523
2,127,0.026455915054647523
2,128,0.026455915054647523
2,129,0.026455915054647523
2,130,0.026455915054647523
2,131,0.026455915054647523
2,132,0.026455915054647523
2,133,0.026455915054647523
2,134,0.026455915054647523
2,135,0.026455915054647523
2,136,0.026455915054647523
2,137,0.026455915054647523
2,138,0.026455915054647523
2,139,0.026455915054647523
2,140,0.026455915054647523
2,141,0.026455915054647523
2,142,0.026455915054647523
2,143,0.026455915054647523
2,144,0.026455915054647523
2,145,0.026455915054647523
2,146,0.026455915054647523
2,147,0.026455915054647523
2,148,0.026455915054647523
2,149,0.026455915054647523
2,150,0.026455915054647523
2,151,0.026455915054647523
2,152,0.026455915054647523
2,153,0.026455915054647523
2,154,0.026455915054647523
2,155,0.026455915054647523
2,156,0.026455915054647523
2,157,0.026455915054647523
2,158,0.026455915054647523
2,159,0.026455915054647523
2,160,0.026455915054647523
2,161,0.026455915054647523
2,162,0.026455915054647523
2,163,0.026455915054647523
2,164,0.026455915054647523
2,165,0.026455915054647523
2,166,0.026455915054647523
2,167,0.026455915054647523
2,168,0.026455915054647523
2,169,0.026455915054647523
2,170,0.026455915054647523
2,171,0.026455915054647523
2,172,0.026455915054647523
2,173,0.026455915054647523
2,174,0.026455915054647523
2,175,0.026455915054647523
2,176,0.026455915054647523
2,177,0.026455915054647523
2,178,0.026455915054647523
2,179,0.026455915054647523
2,180,0.026455915054647523
2,181,0.026455915054647523
2,182,0.026455915054647523
2,183,0.026455915054647523
2,184,0.026455915054647523
2,185,0.026455915054647523
2,186,0.026455915054647523
2,187,0.026455915054647523
2,188,0.026455915054647523
2,189,0.026455915054647523
2,190,0.026455915054647523
2,191,0.026455915054647523
2,192,0.026455915054647523
2,193,0.026455915054647523
2,194,0.026455915054647523
2,195,0.026455915054647523
2,196,0.026455915054647523
2,197,0.026455915054647523
2,198,0.026455915054647523
2,199,0.026455915054647523
2,200,0.026455915054647523
2,201,0.026455915054647523
2,202,0.026455915054647523
2,203,0.026455915054647523
2,204,0.026455915054647523
2,205,0.026455915054647523
2,206,0.026455915054647523
2,207,0.026455915054647523
2,208,0.026455915054647523
2,209,0.026455915054647523
2,210,0.026455915054647523
2,211,0.026455915054647523
2,212,0.026455915054647523
2,213,0.026455915054647523
2,214,0.026455915054647523
2,215,0.026455915054647523
2,216,0.026455915054647523
2,217,0.026455915054647523
2,218,0.026455915054647523
2,219,0.026455915054647523
2,220,0.026455915054647523
2,221,0.026455915054647523
2,222,0.026455915054647523
2,223,0.026455915054647523
2,224,0.026455915054647523
2,225,0.026455915054647523
2,226,0.026455915054647523
2,227,0.026455915054647523
2,228,0.026455915054647523
2,229,0.026455915054647523
2,230,0.026455915054647523
2,231,0.026455915054647523
2,232,0.026455915054647523
2,233,0.026455915054647523
2,234,0.026455915054647523
2,235,0.026455915054647523
2,236,0.026455915054647523
2,237,0.026455915054647523
2,238,0.026455915054647523
2,239,0.026455915054647523
2,240,0.026455915054647523
2,241,0.026455915054647523
2,242,0.026455915054647523
2,243,0.026455915054647523
2,244,0.026455915054647523
2,245,0.026455915054647523
2,246,0.026455915054647523
2,247,0.026455915054647523
2,248,0.026455915054647523
2,249,0.026455915054647523
2,250,0.026455915054647523
2,251,0.026455915054647523
2,252,0.026455915054647523
2,253,0.026455915054647523
2,254,0.026455915054647523
2,255,0.026455915054647523
2,256,0.026455915054647523
2,257,0.026455915054647523
2,258,0.026455915054647523
2,259,0.026455915054647523
2,260,0.026455915054647523
2,261,0.026455915054647523
2,262,0.026455915054647523
2,263,0.026455915054647523
2,264,0.026455915054647523
2,265,0.026455915054647523
2,266,0.026455915054647523
2,267,0.026455915054647523
2,268,0.026455915054647523
2,269,0.026455915054647523
2,270,0.026455915054647523
2,271,0.026455915054647523
2,272,0.026455915054647523
2,273,0.026455915054647523
2,274,0.026455915054647523
2,275,0.026455915054647523
2,276,0.026455915054647523
2,277,0.026455915054647523
2,278,0.026455915054647523
2,279,0.026455915054647523
2,280,0.026455915054647523
2,281,0.026455915054647523
2,282,0.026455915054647523
2,283,0.026455915054647523
2,284,0.026455915054647523
2,285,0.026455915054647523
2,286,0.026455915054647523
2,287,0.026455915054647523
2,288,0.026455915054647523
2,289,0.026455915054647523
2,290,0.026455915054647523
2,291,0.026455915054647523
2,292,0.026455915054647523
2,293,0.026455915054647523
2,294,0.026455915054647523
2,295,0.026455915054647523
2,296,0.026455915054647523
2,297,0.026455915054647523
2,298,0.026455915054647523
2,299,0.026455915054647523
2,300,0.026455915054647523
2,301,0.026455915054647523
2,302,0.026455915054647523
2,303,0.026455915054647523
2,304,0.026455915054647523
2,305,0.026455915054647523
2,306,0.026455915054647523
2,307,0.026455915054647523
2,308,0.026455915054647523
2,309,0.026455915054647523
2,310,0.026455915054647523
2,311,0.026455915054647523
2,312,0.026455915054647523
2,313,0.026455915054647523
2,314,0.026455915054647523
2,315,0.026455915054647523
2,316,0.026455915054647523
2,317,0.026455915054647523
2,318,0.026455915054647523
2,319,0.026455915054647523
2,320,0.026455915054647523
2,321,0.026455915054647523
2,322,0.026455915054647523
2,323,0.026455915054647523
2,324,0.026455915054647523
2,325,0.026455915054647523
2,326,0.026455915054647523
2,327,0.026455915054647523
2,328,0.026455915054647523
2,329,0.026455915054647523
2,330,0.026455915054647523
2,331,0.026455915054647523
2,332,0.026455915054647523
2,333,0.026455915054647523
2,334,0.026455915054647523
2,335,0.026455915054647523
2,336,0.026455915054647523
2,337,0.026455915054647523
2,338,0.026455915054647523
2,339,0.026455915054647523
2,340,0.026455915054647523
2,341,0.026455915054647523
2,342,0.026455915054647523
2,343,0.026455915054647523
2,344,0.026455915054647523
2,345,0.026455915054647523
2,346,0.026455915054647523
2,347,0.026455915054647523
2,348,0.026455915054647523
2,349,0.026455915054647523
2,350,0.026455915054647523
2,351,0.026455915054647523
2,352,0.026455915054647523
2,353,0.026455915054647523
2,354,0.026455915054647523
2,355,0.026455915054647523
2,356,0.026455915054647523
2,357,0.026455915054647523
2,358,0.026455915054647523
2,359,0.026455915054647523
2,360,0.026455915054647523
2,361,0.026455915054647523
2,362,0.026455915054647523
2,363,0.026455915054647523
2,364,0.026455915054647523
2,365,0.026455915054647523
2,366,0.026455915054647523
2,367,0.026455915054647523
2,368,0.026455915054647523
2,369,0.026455915054647523
2,370,0.026455915054647523
2,371,0.026455915054647523
2,372,0.026455915054647523
2,373,0.026455915054647523
2,374,0.026455915054647523
2,375,0.026455915054647523
2,376,0.026455915054647523
2,377,0.026455915054647523
2,378,0.026455915054647523
2,379,0.026455915054647523
2,380,0.026455915054647523
2,381,0.026455915054647523
2,382,0.026455915054647523
2,383,0.026455915054647523
2,384,0.026455915054647523
2,385,0.026455915054647523
2,386,0.026455915054647523
2,387,0.026455915054647523
2,388,0.026455915054647523
2,389,0.026455915054647523
2,390,0.026455915054647523
2,391,0.026455915054647523
2,392,0.026455915054647523
2,393,0.026455915054647523
2,394,0.026455915054647523
2,395,0.026455915054647523
2,396,0.026455915054647523
2,397,0.026455915054647523
2,398,0.026455915054647523
2,399,0.026455915054647523
2,400,0.026455915054647523
2,401,0.026455915054647523
2,402,0.026455915054647523
2,403,0.026455915054647523
2,404,0.026455915054647523
2,405,0.026455915054647523
2,406,0.026455915054647523
2,407,0.026455915054647523
2,408,0.026455915054647523
2,409,0.026455915054647523
2,410,0.026455915054647523
2,411,0.026455915054647523
2,412,0.026455915054647523
2,413,0.026455915054647523
2,414,0.026455915054647523
2,415,0.026455915054647523
2,416,0.026455915054647523
2,417,0.026455915054647523
2,418,0.026455915054647523
2,419,0.026455915054647523
2,420,0.026455915054647523
2,421,0.026455915054647523
2,422,0.026455915054647523
2,423,0.026455915054647523
2,424,0.026455915054647523
2,425,0.026455915054647523
2,426,0.026455915054647523
2,427,0.026455915054647523
2,428,0.026455915054647523
2,429,0.026455915054647523
2,430,0.026455915054647523
2,431,0.026455915054647523
2,432,0.026455915054647523
2,433,0.026455915054647523
2,434,0.026455915054647523
2,435,0.026455915054647523
2,436,0.026455915054647523
2,437,0.026455915054647523
2,438,0.026455915054647523
2,439,0.026455915054647523
2,440,0.026455915054647523
2,441,0.026455915054647523
2,442,0.026455915054647523
2,443,0.026455915054647523
2,444,0.026455915054647523
2,445,0.026455915054647523
2,446,0.026455915054647523
2,447,0.026455915054647523
2,448,0.026455915054647523
2,449,0.026455915054647523
2,450,0.026455915054647523
2,451,0.026455915054647523
2,452,0.026455915054647523
2,453,0.026455915054647523
2,454,0.026455915054647523
2,455,0.026455915054647523
2,456,0.026455915054647523
2,457,0.026455915054647523
2,458,0.026455915054647523
2,459,0.026455915054647523
2,460,0.026455915054647523
2,461,0.026455915054647523
2,462,0.026455915054647523
2,463,0.026455915054647523
2,464,0.026455915054647523
2,465,0.026455915054647523
2,466,0.026455915054647523
2,467,0.026455915054647523
2,468,0.026455915054647523
2,469,0.026455915054647523
2,470,0.026455915054647523
2,471,0.026455915054647523
2,472,0.026455915054647523
2,473,0.026455915054647523
2,474,0.026455915054647523
2,475,0.026455915054647523
2,476,0.026455915054647523
2,477,0.026455915054647523
2,478,0.026455915054647523
2,479,0.026455915054647523
2,480,0.026455915054647523
2,481,0.026455915054647523
2,482,0.026455915054647523
2,483,0.026455915054647523
2,484,0.026455915054647523
2,485,0.026455915054647523
2,486,0.026455915054647523
2,487,0.026455915054647523
2,488,0.026455915054647523
2,489,0.026455915054647523
2,490,0.026455915054647523
2,491,0.026455915054647523
2,492,0.026455915054647523
2,493,0.026455915054647523
2,494,0.026455915054647523
2,495,0.026455915054647523
2,496,0.026455915054647523
2,497,0.026455915054647523
2,498,0.026455915054647523
2,499,0.026455915054647523
