arch,seed,fold,n_train,n_val,total_epochs,best_epoch,train_loss_final,val_loss_final,train_acc_final,val_acc_final,macro_precision,macro_recall,macro_f1,weighted_f1,time_seconds,precision_0,recall_0,f1_0,precision_1,recall_1,f1_1,precision_2,recall_2,f1_2,precision_3,recall_3,f1_3,precision_4,recall_4,f1_4,precision_5,recall_5,f1_5,precision_6,recall_6,f1_6,precision_7,recall_7,f1_7,precision_8,recall_8,f1_8,precision_9,recall_9,f1_9
arch_shallow,42,0,9956.0,2493.0,14.0,3.0,0.0007309921279031,0.2158114623006262,0.995580554439534,0.9562775772162052,0.8466419015175299,0.8520288729510892,0.8490454440554634,0.9562668825794138,1.8180291652679443,0.9667774086378738,0.983108108108108,0.9748743718592964,0.9680232558139537,0.9881305637982196,0.9779735682819384,0.9566666666666668,0.9630872483221476,0.959866220735786,0.962457337883959,0.9185667752442996,0.94,0.9366666666666666,0.9623287671232876,0.9493243243243245,0.7833333333333333,0.8545454545454545,0.817391304347826,0.979591836734694,0.972972972972973,0.976271186440678,0.9620253164556962,0.9681528662420382,0.965079365079365,0.0,0.0,0.0,0.950877192982456,0.9093959731543624,0.9296740994854202
arch_shallow,42,1,9958.0,2491.0,14.0,3.0,0.0007526170380017,0.2066372681799738,0.995782285599518,0.9546366920915296,0.8457267719287989,0.8486590632140256,0.8470373049089039,0.9546437922567836,1.928581953048706,0.9565217391304348,0.9662162162162162,0.961344537815126,0.9680232558139537,0.9881305637982196,0.9779735682819384,0.9690721649484536,0.9463087248322148,0.9575551782682512,0.956953642384106,0.9413680781758956,0.949096880131363,0.9642857142857144,0.9246575342465754,0.9440559440559442,0.7894736842105263,0.8333333333333334,0.8108108108108109,0.9593220338983052,0.956081081081081,0.957698815566836,0.953416149068323,0.9808306709265175,0.9669291338582676,0.0,0.0,0.0,0.9401993355481728,0.9496644295302014,0.9449081803005008
arch_shallow,42,2,9960.0,2489.0,14.0,3.0,0.0006986284365232,0.1827749038689962,0.9966867469879518,0.952591402169546,0.8529811499119889,0.836527866605455,0.8434124543146838,0.9521578879374132,1.7737722396850586,0.9696969696969696,0.972972972972973,0.9713322091062394,0.9823008849557522,0.9881305637982196,0.985207100591716,0.9690721649484536,0.9463087248322148,0.9575551782682512,0.9519230769230768,0.9705882352941176,0.9611650485436892,0.9269102990033222,0.9554794520547946,0.9409780775716694,0.9047619047619048,0.7037037037037037,0.7916666666666667,0.9473684210526316,0.972972972972973,0.96,0.9333333333333332,0.939297124600639,0.9363057324840764,0.0,0.0,0.0,0.9444444444444444,0.915824915824916,0.92991452991453
arch_shallow,42,3,9960.0,2489.0,15.0,4.0,0.000593802171701,0.2239037139873462,0.9977911646586344,0.9574126155082362,0.8614270312040286,0.8465663804661556,0.8529794571677375,0.9571466111241654,1.892277717590332,0.9633333333333334,0.9763513513513512,0.9697986577181208,0.9736842105263158,0.9881305637982196,0.9808541973490428,0.9543859649122808,0.912751677852349,0.9331046312178388,0.9221183800623052,0.9673202614379084,0.9441786283891548,0.9559322033898304,0.9657534246575342,0.9608177172061328,0.9545454545454546,0.7777777777777778,0.8571428571428572,0.9763513513513512,0.9763513513513512,0.9763513513513512,0.9615384615384616,0.9584664536741214,0.96,0.0,0.0,0.0,0.9523809523809524,0.9427609427609428,0.9475465313028766
arch_shallow,42,4,9962.0,2487.0,16.0,5.0,0.0005140359847876,0.1652366969599103,0.9989961855049186,0.9593888218737434,0.8581895526855119,0.8513625330582648,0.8544869990040975,0.9592739573066922,2.0383780002593994,0.986254295532646,0.9695945945945946,0.9778534923339012,0.976470588235294,0.9851632047477744,0.980797636632201,0.9550173010380624,0.9292929292929292,0.9419795221843004,0.9537953795379538,0.9444444444444444,0.949096880131363,0.9437086092715232,0.976027397260274,0.9595959595959596,0.8979591836734694,0.8148148148148148,0.8543689320388349,0.9629629629629628,0.9694915254237289,0.966216216216216,0.970873786407767,0.9584664536741214,0.964630225080386,0.0,0.0,0.0,0.9348534201954396,0.9663299663299664,0.9503311258278146
arch_shallow,7,0,9956.0,2493.0,15.0,4.0,0.0006913446961199,0.1962205578647277,0.9971876255524308,0.9518652226233454,0.8455365359886237,0.845294827051059,0.8453862986558708,0.9518394286139282,1.9526541233062744,0.9693877551020408,0.9628378378378378,0.9661016949152542,0.9706744868035192,0.9821958456973294,0.9764011799410032,0.9457627118644067,0.9362416107382552,0.9409780775716696,0.9477124183006536,0.9446254071661238,0.9461663947797716,0.9324324324324323,0.9452054794520548,0.9387755102040816,0.8181818181818182,0.8181818181818182,0.8181818181818182,0.9658703071672357,0.956081081081081,0.9609507640067912,0.953125,0.9713375796178344,0.9621451104100948,0.0,0.0,0.0,0.9522184300341296,0.9362416107382552,0.9441624365482232
arch_shallow,7,1,9958.0,2491.0,17.0,6.0,0.0004313963541692,0.1547182663301609,0.99989957822856,0.9678843837816138,0.871989408388397,0.86600151368987,0.8688205376871594,0.9678519060786164,2.532623052597046,0.976510067114094,0.983108108108108,0.9797979797979798,0.9794117647058824,0.9881305637982196,0.983751846381093,0.9435215946843852,0.953020134228188,0.9482470784641068,0.9698996655518396,0.9446254071661238,0.9570957095709572,0.9625850340136054,0.9691780821917808,0.9658703071672354,0.98,0.9074074074074074,0.9423076923076924,0.9830508474576272,0.9797297297297296,0.9813874788494076,0.970967741935484,0.9616613418530352,0.9662921348314608,0.0,0.0,0.0,0.9539473684210528,0.9731543624161074,0.9634551495016612
arch_shallow,7,2,9960.0,2489.0,15.0,4.0,0.0006361752688312,0.2391805761861661,0.9976907630522088,0.952189634391322,0.8465707837312978,0.8375540999980832,0.8416017839609028,0.9519278185301916,2.0448689460754395,0.9828178694158076,0.9662162162162162,0.9744463373083476,0.9852941176470588,0.9940652818991098,0.9896602658788776,0.9587628865979382,0.9362416107382552,0.9473684210526316,0.9511400651465798,0.954248366013072,0.9526916802610114,0.9615384615384616,0.9417808219178082,0.9515570934256056,0.8297872340425532,0.7222222222222222,0.7722772277227723,0.9540983606557376,0.983108108108108,0.9683860232945092,0.9230769230769232,0.9584664536741214,0.9404388714733544,0.0,0.0,0.0,0.9191919191919192,0.9191919191919192,0.9191919191919192
arch_shallow,7,3,9960.0,2489.0,15.0,4.0,0.0007080719700978,0.2098807106757855,0.9983935742971888,0.961430293290478,0.8567623367318594,0.860694648504287,0.8586576254210936,0.9614786701811072,2.044240951538086,0.9698996655518396,0.9797297297297296,0.9747899159663864,0.9880239520958084,0.9792284866468842,0.9836065573770492,0.953020134228188,0.953020134228188,0.953020134228188,0.9640522875816994,0.9640522875816994,0.9640522875816994,0.955631399317406,0.958904109589041,0.9572649572649572,0.8596491228070176,0.9074074074074074,0.8828828828828829,0.9728813559322034,0.9695945945945946,0.9712351945854484,0.9519230769230768,0.9488817891373802,0.9504,0.0,0.0,0.0,0.952542372881356,0.9461279461279462,0.9493243243243242
arch_shallow,7,4,9962.0,2487.0,15.0,4.0,0.0006170043292477,0.2154265685079726,0.9982935153583616,0.9529553679131484,0.8420780830763738,0.8520256748343107,0.846531092231284,0.9531720140463092,1.9533071517944336,0.956810631229236,0.972972972972973,0.9648241206030151,0.9879518072289156,0.973293768545994,0.9805680119581464,0.9362416107382552,0.9393939393939394,0.9378151260504204,0.9601328903654484,0.9444444444444444,0.9522240527182868,0.9480968858131488,0.9383561643835616,0.9432013769363168,0.7619047619047619,0.8888888888888888,0.8205128205128205,0.9659863945578232,0.9627118644067796,0.964346349745331,0.9652996845425869,0.977635782747604,0.9714285714285716,0.0,0.0,0.0,0.9383561643835616,0.9225589225589226,0.930390492359932
arch_shallow,13,0,9956.0,2493.0,14.0,3.0,0.0011076656775356,0.1940159535106724,0.9952792286058658,0.9554753309265944,0.8560919893613649,0.8426701904615573,0.8484913414191901,0.9551094927760452,1.790020227432251,0.966996699669967,0.9898648648648648,0.9782971619365608,0.967741935483871,0.9792284866468842,0.9734513274336284,0.9377049180327868,0.959731543624161,0.9485903814262024,0.9464882943143812,0.9218241042345277,0.933993399339934,0.9724137931034482,0.9657534246575342,0.9690721649484536,0.9111111111111112,0.7454545454545455,0.8200000000000001,0.9634551495016612,0.9797297297297296,0.9715242881072026,0.9462025316455696,0.9522292993630572,0.9492063492063492,0.0,0.0,0.0,0.9488054607508531,0.9328859060402684,0.9407783417935702
arch_shallow,13,1,9958.0,2491.0,14.0,3.0,0.0007206215050821,0.1854280599610829,0.995681863828078,0.9542352468887996,0.8497334764598256,0.8409914962540788,0.8449393522032264,0.9539668615685698,1.785498857498169,0.9735099337748344,0.9932432432432432,0.983277591973244,0.9850746268656716,0.9792284866468842,0.982142857142857,0.945945945945946,0.9395973154362416,0.9427609427609428,0.9633333333333334,0.9413680781758956,0.9522240527182866,0.9419795221843004,0.9452054794520548,0.9435897435897436,0.851063829787234,0.7407407407407407,0.7920792079207921,0.9566666666666668,0.9695945945945946,0.9630872483221476,0.946875,0.9680511182108626,0.957345971563981,0.0,0.0,0.0,0.9328859060402684,0.9328859060402684,0.9328859060402684
arch_shallow,13,2,9960.0,2489.0,17.0,6.0,0.0004107272979138,0.1738581978753223,0.9996987951807228,0.9618320610687024,0.8613201705741365,0.8516733424360531,0.8560507710516972,0.9616603923904784,2.170339822769165,0.979591836734694,0.972972972972973,0.976271186440678,0.9882352941176472,0.9970326409495548,0.9926144756277696,0.9523809523809524,0.9395973154362416,0.945945945945946,0.9539473684210528,0.9477124183006536,0.9508196721311476,0.9435215946843852,0.9726027397260274,0.957841483979764,0.9148936170212766,0.7962962962962963,0.8514851485148516,0.9632107023411371,0.972972972972973,0.9680672268907564,0.9742765273311896,0.9680511182108626,0.9711538461538464,0.0,0.0,0.0,0.94314381270903,0.9494949494949496,0.9463087248322148
arch_shallow,13,3,9960.0,2489.0,14.0,3.0,0.0007446747812558,0.2108059595740202,0.9953815261044175,0.9489754921655283,0.8479548917451176,0.8411012966665872,0.8442937851486672,0.9488583356201395,1.7860019207000732,0.9728813559322034,0.9695945945945946,0.9712351945854484,0.967930029154519,0.9851632047477744,0.9764705882352942,0.9551724137931036,0.929530201342282,0.9421768707482994,0.941747572815534,0.9509803921568628,0.946341463414634,0.9315068493150684,0.9315068493150684,0.9315068493150684,0.8775510204081632,0.7962962962962963,0.8349514563106796,0.9728813559322034,0.9695945945945946,0.9712351945854484,0.9456869009584664,0.9456869009584664,0.9456869009584664,0.0,0.0,0.0,0.9141914191419142,0.9326599326599326,0.9233333333333332
arch_shallow,13,4,9962.0,2487.0,15.0,4.0,0.0005838508439468,0.2029103091895236,0.99839389680787,0.9654201849618014,0.8642757659166558,0.8622942188203713,0.863192231768197,0.9654040202517356,1.9384119510650637,0.9695945945945946,0.9695945945945946,0.9695945945945946,0.9681159420289857,0.9910979228486648,0.9794721407624634,0.98943661971831,0.9461279461279462,0.9672977624784854,0.9543973941368078,0.9575163398692812,0.9559543230016312,0.9653979238754326,0.9554794520547946,0.9604130808950088,0.9056603773584906,0.8888888888888888,0.897196261682243,0.9731543624161074,0.9830508474576272,0.9780775716694772,0.940809968847352,0.9648562300319488,0.9526813880126184,0.0,0.0,0.0,0.9761904761904762,0.9663299663299664,0.9712351945854484
arch_shallow,21,0,9956.0,2493.0,17.0,6.0,0.0004093177757012,0.1511484919810538,0.9996986741663318,0.9626955475330926,0.8643479901060731,0.8544067988457551,0.8588979149871111,0.9626712213343608,2.479405164718628,0.983108108108108,0.983108108108108,0.983108108108108,0.9851190476190476,0.9821958456973294,0.9836552748885588,0.9666666666666668,0.9731543624161074,0.9698996655518394,0.9797979797979798,0.9478827361563518,0.9635761589403974,0.9355932203389832,0.9452054794520548,0.9403747870528107,0.9375,0.8181818181818182,0.8737864077669902,0.9897260273972602,0.9763513513513512,0.9829931972789115,0.946875,0.964968152866242,0.9558359621451104,0.0,0.0,0.0,0.919093851132686,0.953020134228188,0.9357495881383854
arch_shallow,21,1,9958.0,2491.0,15.0,4.0,0.0006127985467466,0.2082242994625885,0.9984936734283992,0.9570453633079083,0.8517775813850751,0.8417086080491181,0.8462155173930348,0.9567169123874628,2.0724151134490967,0.9603960396039604,0.983108108108108,0.9716193656093488,0.9793510324483776,0.9851632047477744,0.9822485207100592,0.9590443686006824,0.9429530201342282,0.9509306260575296,0.9448051948051948,0.9478827361563518,0.946341463414634,0.9518900343642612,0.9486301369863014,0.9502572898799314,0.8478260869565217,0.7222222222222222,0.78,0.9565217391304348,0.9662162162162162,0.961344537815126,0.9650793650793652,0.9712460063897764,0.9681528662420382,0.0,0.0,0.0,0.9528619528619529,0.9496644295302014,0.9512605042016806
arch_shallow,21,2,9960.0,2489.0,16.0,5.0,0.0455518089446873,0.3551487267744893,0.9994979919678716,0.9533949377259944,0.8531363909659427,0.8463589819199792,0.8494802041296461,0.9532414873943664,2.2002980709075928,0.9630872483221476,0.9695945945945946,0.9663299663299664,0.9707602339181286,0.9851632047477744,0.9779086892488954,0.9425675675675677,0.9362416107382552,0.9393939393939394,0.9508196721311476,0.9477124183006536,0.9492635024549918,0.9302325581395348,0.958904109589041,0.9443507588532885,0.8979591836734694,0.8148148148148148,0.8543689320388349,0.956953642384106,0.9763513513513512,0.9665551839464884,0.96742671009772,0.9488817891373802,0.9580645161290322,0.0,0.0,0.0,0.9515570934256056,0.925925925925926,0.938566552901024
arch_shallow,21,3,9960.0,2489.0,17.0,6.0,0.0004130162773904,0.1843798044836427,0.9998995983935745,0.96544797107272,0.8699629488272258,0.863897334460271,0.8667758243914372,0.9654146824396476,2.367802858352661,0.9797979797979798,0.983108108108108,0.981450252951096,0.976401179941003,0.9821958456973294,0.9792899408284024,0.9473684210526316,0.9664429530201344,0.9568106312292358,0.9639344262295082,0.9607843137254902,0.962356792144026,0.9586206896551724,0.952054794520548,0.9553264604810996,0.98,0.9074074074074074,0.9423076923076924,0.972972972972973,0.972972972972973,0.972972972972973,0.9681528662420382,0.9712460063897764,0.9696969696969696,0.0,0.0,0.0,0.9523809523809524,0.9427609427609428,0.9475465313028766
arch_shallow,21,4,9962.0,2487.0,17.0,6.0,0.0258991370712865,0.2544732023025305,0.9995984742019676,0.9589867310012062,0.858952828277036,0.8479866627084878,0.8528589056142604,0.9587364344848444,2.2998921871185303,0.960655737704918,0.9898648648648648,0.9750415973377704,0.9765395894428152,0.9881305637982196,0.9823008849557522,0.9522184300341296,0.9393939393939394,0.9457627118644067,0.9516129032258064,0.9640522875816994,0.9577922077922078,0.9527027027027029,0.9657534246575342,0.9591836734693876,0.9130434782608696,0.7777777777777778,0.84,0.9661016949152542,0.9661016949152542,0.9661016949152542,0.9735099337748344,0.939297124600639,0.9560975609756096,0.0,0.0,0.0,0.94314381270903,0.9494949494949496,0.9463087248322148
arch_shallow,99,0,9956.0,2493.0,16.0,5.0,0.0004883860619747,0.1575207913965517,0.999799116110888,0.9655034095467308,0.8636647887625142,0.8595062577113677,0.8614880427271944,0.9654215015005612,2.0931222438812256,0.9831649831649832,0.9864864864864864,0.984822934232715,0.9794721407624634,0.9910979228486648,0.9852507374631267,0.9828178694158076,0.959731543624161,0.9711375212224108,0.9552715654952076,0.973941368078176,0.964516129032258,0.9415807560137456,0.9383561643835616,0.9399656946826758,0.903846153846154,0.8545454545454545,0.8785046728971962,0.9832214765100672,0.9898648648648648,0.9865319865319864,0.9712460063897764,0.9681528662420382,0.9696969696969696,0.0,0.0,0.0,0.936026936026936,0.9328859060402684,0.934453781512605
arch_shallow,99,1,9958.0,2491.0,14.0,3.0,0.0007601379673079,0.2244645590581616,0.9950793331994376,0.95343235648334,0.854493601224236,0.8404588541831222,0.846565337458806,0.9533632350691824,1.8008289337158203,0.9636963696369636,0.9864864864864864,0.9749582637729548,0.982089552238806,0.9762611275964392,0.9791666666666664,0.9248366013071896,0.9496644295302014,0.9370860927152318,0.9320388349514565,0.9381107491856676,0.935064935064935,0.9559322033898304,0.9657534246575342,0.9608177172061328,0.9090909090909092,0.7407407407407407,0.8163265306122449,0.9724137931034482,0.9527027027027029,0.9624573378839592,0.9492063492063492,0.9552715654952076,0.9522292993630572,0.0,0.0,0.0,0.955631399317406,0.9395973154362416,0.9475465313028764
arch_shallow,99,2,9960.0,2489.0,13.0,2.0,0.0009775120067622,0.1889842074188419,0.9894578313253012,0.9558055443953396,0.8534497655377363,0.8467750540737754,0.8497946166875338,0.9555966551333565,1.6697328090667725,0.9603960396039604,0.983108108108108,0.9716193656093488,0.9792899408284024,0.9821958456973294,0.9807407407407408,0.965034965034965,0.9261744966442952,0.9452054794520548,0.9601328903654484,0.9444444444444444,0.9522240527182868,0.933774834437086,0.9657534246575342,0.9494949494949496,0.8775510204081632,0.7962962962962963,0.8349514563106796,0.959731543624161,0.9662162162162162,0.962962962962963,0.9503105590062112,0.977635782747604,0.9637795275590552,0.0,0.0,0.0,0.9482758620689656,0.925925925925926,0.9369676320272572
arch_shallow,99,3,9960.0,2489.0,18.0,7.0,0.0003193961912965,0.1646118973334437,0.9997991967871486,0.9694656488549618,0.8704721703048337,0.8718899986988854,0.8710735283194948,0.969461578281714,2.30786395072937,0.9668874172185432,0.9864864864864864,0.976588628762542,0.9852507374631267,0.9910979228486648,0.9881656804733728,0.972508591065292,0.9496644295302014,0.9609507640067912,0.9733333333333334,0.954248366013072,0.9636963696369638,0.9471947194719472,0.9828767123287672,0.9647058823529412,0.9454545454545454,0.9629629629629628,0.9541284403669724,0.993127147766323,0.9763513513513512,0.9846678023850084,0.9737704918032788,0.9488817891373802,0.9611650485436892,0.0,0.0,0.0,0.9471947194719472,0.9663299663299664,0.9566666666666668
arch_shallow,99,4,9962.0,2487.0,14.0,3.0,0.0007067703430092,0.2084276636504361,0.995282071873118,0.9457177322074788,0.8364066734744267,0.8385131237431102,0.8373324005444471,0.9457399545533948,1.8678569793701172,0.9730639730639732,0.9763513513513512,0.9747048903878583,0.9709302325581396,0.9910979228486648,0.9809104258443466,0.9245901639344264,0.9494949494949496,0.9368770764119604,0.9401993355481728,0.9248366013071896,0.9324546952224052,0.9264214046822744,0.9486301369863014,0.937394247038917,0.7678571428571429,0.7962962962962963,0.7818181818181819,0.9656357388316152,0.952542372881356,0.9590443686006824,0.9665551839464884,0.9233226837060704,0.9444444444444444,0.0,0.0,0.0,0.928813559322034,0.9225589225589226,0.9256756756756755
arch_base,42,0,9956.0,2493.0,15.0,4.0,0.0022125901542507,0.2375720212690009,0.9981920449979912,0.959486562374649,0.8549091645912121,0.8546471872202108,0.8545594818940664,0.9593527171779728,2.2146310806274414,0.9731543624161074,0.9797297297297296,0.9764309764309764,0.9823008849557522,0.9881305637982196,0.985207100591716,0.9415584415584416,0.9731543624161074,0.9570957095709572,0.978798586572438,0.9022801302931596,0.9389830508474576,0.9452054794520548,0.9452054794520548,0.9452054794520548,0.8545454545454545,0.8545454545454545,0.8545454545454545,0.983108108108108,0.983108108108108,0.983108108108108,0.9478527607361964,0.9840764331210192,0.965625,0.0,0.0,0.0,0.9425675675675677,0.9362416107382552,0.9393939393939394
arch_base,42,1,9958.0,2491.0,12.0,1.0,0.0107196940207945,0.2958480800323254,0.9862422173127134,0.9514251304696908,0.8514634326351336,0.8446854387324354,0.847830594680611,0.9512619295138608,1.7591140270233154,0.9664429530201344,0.972972972972973,0.9696969696969696,0.9736070381231672,0.9851632047477744,0.9793510324483776,0.9362416107382552,0.9362416107382552,0.9362416107382552,0.9563758389261744,0.9283387622149836,0.9421487603305786,0.9411764705882352,0.9315068493150684,0.93631669535284,0.8979591836734694,0.8148148148148148,0.8543689320388349,0.9635761589403974,0.983108108108108,0.9732441471571908,0.9554140127388536,0.9584664536741214,0.9569377990430622,0.0,0.0,0.0,0.9238410596026492,0.9362416107382552,0.93
arch_base,42,2,9960.0,2489.0,13.0,2.0,0.0077897717837753,0.2032338614995889,0.9931726907630524,0.9509843310566491,0.8405380141275254,0.8458596134217073,0.8429209448979302,0.9510922131023544,1.909271001815796,0.9863481228668942,0.9763513513513512,0.9813242784380304,0.9880597014925372,0.9821958456973294,0.9851190476190476,0.9352750809061487,0.9697986577181208,0.9522240527182868,0.9508196721311476,0.9477124183006536,0.9492635024549918,0.9389830508474576,0.9486301369863014,0.9437819420783646,0.7627118644067796,0.8333333333333334,0.7964601769911505,0.9527027027027029,0.9527027027027029,0.9527027027027029,0.9369085173501576,0.9488817891373802,0.9428571428571428,0.0,0.0,0.0,0.9535714285714286,0.898989898989899,0.925476603119584
arch_base,42,3,9960.0,2489.0,12.0,1.0,0.0033149118226695,0.2183580455248831,0.985843373493976,0.9513860988348736,0.8542094459975997,0.8370533413185808,0.844081054926459,0.950907844420262,1.7501170635223389,0.9451612903225808,0.9898648648648648,0.966996699669967,0.9792899408284024,0.9821958456973294,0.9807407407407408,0.9507042253521126,0.906040268456376,0.9278350515463918,0.9190031152647976,0.9640522875816994,0.940988835725678,0.930921052631579,0.9691780821917808,0.9496644295302014,0.9285714285714286,0.7222222222222222,0.8125000000000001,0.9728813559322034,0.9695945945945946,0.9712351945854484,0.9616613418530352,0.9616613418530352,0.9616613418530352,0.0,0.0,0.0,0.953900709219858,0.9057239057239056,0.929188255613126
arch_base,42,4,9962.0,2487.0,14.0,3.0,0.0002161435149118,0.1807529212501772,0.9959847420196748,0.960193003618818,0.8577405509086542,0.8549717363893764,0.856252209791359,0.9601514775128048,2.1216180324554443,0.9697986577181208,0.9763513513513512,0.9730639730639732,0.9821958456973294,0.9821958456973294,0.9821958456973294,0.9653979238754326,0.9393939393939394,0.95221843003413,0.9514563106796116,0.9607843137254902,0.9560975609756096,0.930921052631579,0.9691780821917808,0.9496644295302014,0.8846153846153846,0.8518518518518519,0.8679245283018868,0.9691780821917808,0.9593220338983052,0.9642248722316864,0.9650793650793652,0.9712460063897764,0.9681528662420382,0.0,0.0,0.0,0.9587628865979382,0.9393939393939394,0.9489795918367346
arch_base,7,0,9956.0,2493.0,12.0,1.0,0.0062250063955007,0.2444729444854689,0.9822217758135796,0.9490573606097072,0.8495699985720249,0.8399709262648043,0.8442911522134251,0.9488131111411546,1.7718050479888916,0.9572368421052632,0.983108108108108,0.97,0.9566473988439308,0.9821958456973294,0.9692532942898976,0.9304635761589404,0.9429530201342282,0.9366666666666668,0.959866220735786,0.9348534201954396,0.9471947194719472,0.953900709219858,0.9212328767123288,0.9372822299651568,0.8958333333333334,0.7818181818181819,0.8349514563106797,0.9590443686006824,0.9493243243243245,0.9541595925297112,0.959119496855346,0.9713375796178344,0.9651898734177214,0.0,0.0,0.0,0.9235880398671096,0.9328859060402684,0.9282136894824708
arch_base,7,1,9958.0,2491.0,15.0,4.0,0.0001917875940231,0.1569093225781634,0.9990962040570396,0.967482938578884,0.8660376138002659,0.8686975375794883,0.867314304248809,0.967476931724939,2.225154161453247,0.98,0.9932432432432432,0.9865771812080536,0.976470588235294,0.9851632047477744,0.980797636632201,0.9761904761904762,0.9630872483221476,0.9695945945945946,0.9667774086378738,0.9478827361563518,0.9572368421052632,0.9523809523809524,0.958904109589041,0.955631399317406,0.9107142857142856,0.9444444444444444,0.9272727272727272,0.9863945578231292,0.9797297297297296,0.983050847457627,0.961783439490446,0.9648562300319488,0.963317384370016,0.0,0.0,0.0,0.9496644295302014,0.9496644295302014,0.9496644295302014
arch_base,7,2,9960.0,2489.0,13.0,2.0,0.0002790808923037,0.2307286662875972,0.9923694779116464,0.9477701888308556,0.8450439525408475,0.8295104075396038,0.8358612272347926,0.947136354053688,1.9494547843933103,0.9540983606557376,0.983108108108108,0.9683860232945092,0.9851632047477744,0.9851632047477744,0.9851632047477744,0.9620689655172414,0.9362416107382552,0.9489795918367346,0.935064935064935,0.9411764705882352,0.9381107491856676,0.9331103678929766,0.9554794520547946,0.9441624365482236,0.8571428571428571,0.6666666666666666,0.75,0.9478827361563518,0.983108108108108,0.965174129353234,0.9228395061728396,0.9552715654952076,0.9387755102040816,0.0,0.0,0.0,0.9530685920577616,0.8888888888888888,0.9198606271777005
arch_base,7,3,9960.0,2489.0,13.0,2.0,0.0002813631006407,0.2180652864121859,0.9922690763052208,0.9513860988348736,0.8497780347579942,0.8432899509744273,0.8462230977088325,0.9511881146725804,1.9007289409637451,0.9356913183279744,0.983108108108108,0.958813838550247,0.9821428571428572,0.9792284866468842,0.9806835066864784,0.955631399317406,0.9395973154362416,0.9475465313028764,0.9442622950819672,0.9411764705882352,0.9427168576104746,0.94314381270903,0.9657534246575342,0.9543147208121828,0.8775510204081632,0.7962962962962963,0.8349514563106796,0.9630872483221476,0.9695945945945946,0.9663299663299664,0.9487179487179488,0.9456869009584664,0.9472,0.0,0.0,0.0,0.9475524475524476,0.9124579124579124,0.9296740994854202
arch_base,7,4,9962.0,2487.0,15.0,4.0,0.002175079382406,0.2631097122224224,0.99839389680787,0.9569762766385204,0.8439292638778282,0.855510191886317,0.848957895179087,0.9573475954934514,2.2676198482513428,0.9665551839464884,0.9763513513513512,0.9714285714285714,0.987878787878788,0.9673590504451038,0.977511244377811,0.9215686274509804,0.9494949494949496,0.9353233830845772,0.9664429530201344,0.9411764705882352,0.95364238410596,0.9653979238754326,0.9554794520547946,0.9604130808950088,0.7384615384615385,0.8888888888888888,0.8067226890756303,0.9658703071672357,0.9593220338983052,0.9625850340136054,0.9683544303797468,0.977635782747604,0.972972972972973,0.0,0.0,0.0,0.9587628865979382,0.9393939393939394,0.9489795918367346
arch_base,13,0,9956.0,2493.0,14.0,3.0,0.0026283322102474,0.2468994145114087,0.995580554439534,0.95146409947854,0.8517447093288968,0.8422439054136609,0.8464916939371964,0.9513358490484476,2.057663917541504,0.9664429530201344,0.972972972972973,0.9696969696969696,0.9879518072289156,0.973293768545994,0.9805680119581464,0.9366666666666666,0.9429530201342282,0.939799331103679,0.9403973509933776,0.9250814332247556,0.9326765188834154,0.9527027027027029,0.9657534246575342,0.9591836734693876,0.8958333333333334,0.7818181818181819,0.8349514563106797,0.9795221843003412,0.9695945945945946,0.9745331069609507,0.9129129129129128,0.9681528662420382,0.9397217928902628,0.0,0.0,0.0,0.9450171821305842,0.9228187919463088,0.933786078098472
arch_base,13,1,9958.0,2491.0,14.0,3.0,0.0002293035516443,0.209975206167005,0.9972886121711187,0.9522280208751506,0.8489521640167075,0.8438186897806883,0.8462156402190434,0.9520375594669018,2.042675018310547,0.9735099337748344,0.9932432432432432,0.983277591973244,0.976401179941003,0.9821958456973294,0.9792899408284024,0.9489795918367347,0.9362416107382552,0.9425675675675677,0.9501661129568106,0.9315960912052116,0.9407894736842104,0.9475524475524476,0.928082191780822,0.9377162629757784,0.86,0.7962962962962963,0.826923076923077,0.9534883720930232,0.9695945945945946,0.9614740368509214,0.9558359621451104,0.9680511182108626,0.961904761904762,0.0,0.0,0.0,0.9235880398671096,0.9328859060402684,0.9282136894824708
arch_base,13,2,9960.0,2489.0,13.0,2.0,0.0014531578787396,0.1845747671233754,0.9933734939759036,0.9533949377259944,0.8500417060709861,0.8462892240147323,0.8479945481905278,0.9532997193955794,1.8972196578979492,0.9698996655518396,0.9797297297297296,0.9747899159663864,0.996996996996997,0.9851632047477744,0.9910447761194028,0.93,0.9362416107382552,0.9331103678929766,0.9655172413793104,0.915032679738562,0.9395973154362416,0.9453924914675768,0.9486301369863014,0.947008547008547,0.8627450980392157,0.8148148148148148,0.838095238095238,0.950657894736842,0.9763513513513512,0.9633333333333334,0.9622641509433962,0.977635782747604,0.9698890649762284,0.0,0.0,0.0,0.9169435215946844,0.9292929292929292,0.9230769230769232
arch_base,13,3,9960.0,2489.0,13.0,2.0,0.0006252776636165,0.2561378164704085,0.9923694779116464,0.9497790277219766,0.8509802660749539,0.8341933425786966,0.8412347995223115,0.9494259286245263,1.8879380226135256,0.9693877551020408,0.9628378378378378,0.9661016949152542,0.9762611275964392,0.9762611275964392,0.9762611275964392,0.952542372881356,0.9429530201342282,0.9477234401349074,0.9415584415584416,0.9477124183006536,0.9446254071661236,0.9574468085106383,0.9246575342465754,0.940766550522648,0.9047619047619048,0.7037037037037037,0.7916666666666667,0.9698996655518396,0.9797297297297296,0.9747899159663864,0.9294478527607362,0.9680511182108626,0.9483568075117372,0.0,0.0,0.0,0.9084967320261438,0.936026936026936,0.922056384742952
arch_base,13,4,9962.0,2487.0,12.0,1.0,0.0003482942835254,0.237648157871008,0.9836378237301746,0.9485323683152392,0.8448540306753308,0.8390812771184726,0.8416303704103216,0.9483153355854964,1.753192901611328,0.9726962457337884,0.9628378378378378,0.967741935483871,0.9571428571428572,0.9940652818991098,0.975254730713246,0.9435215946843852,0.9562289562289562,0.9498327759197324,0.9563758389261744,0.931372549019608,0.9437086092715232,0.9669117647058824,0.9006849315068494,0.9326241134751772,0.84,0.7777777777777778,0.8076923076923077,0.9531772575250836,0.9661016949152542,0.9595959595959596,0.9428571428571428,0.9488817891373802,0.945859872611465,0.0,0.0,0.0,0.9158576051779936,0.9528619528619529,0.933993399339934
arch_base,21,0,9956.0,2493.0,15.0,4.0,0.000351053964021,0.1609637583136109,0.9980916030534353,0.9634977938227036,0.8602808990920335,0.8565804688859945,0.8583112168313987,0.963408702100193,2.249912738800049,0.9735099337748344,0.9932432432432432,0.983277591973244,0.9910179640718564,0.9821958456973294,0.9865871833084948,0.9633333333333334,0.9697986577181208,0.9665551839464884,0.9798657718120806,0.9511400651465798,0.9652892561983472,0.9457627118644067,0.9554794520547946,0.950596252129472,0.8846153846153846,0.8363636363636363,0.8598130841121494,0.9602649006622516,0.9797297297297296,0.9698996655518396,0.9588607594936708,0.964968152866242,0.961904761904762,0.0,0.0,0.0,0.9455782312925172,0.9328859060402684,0.9391891891891893
arch_base,21,1,9958.0,2491.0,15.0,4.0,0.0068714344333054,0.2647546620568946,0.9984936734283992,0.9598554797270172,0.8551842304737345,0.8485495045098748,0.8515928498980376,0.9596348715714936,2.2035231590270996,0.954248366013072,0.9864864864864864,0.9700996677740864,0.9736842105263158,0.9881305637982196,0.9808541973490428,0.9651567944250872,0.929530201342282,0.947008547008547,0.945337620578778,0.9576547231270358,0.9514563106796116,0.958904109589041,0.958904109589041,0.958904109589041,0.8571428571428571,0.7777777777777778,0.8155339805825242,0.979591836734694,0.972972972972973,0.976271186440678,0.9621451104100948,0.97444089456869,0.9682539682539684,0.0,0.0,0.0,0.955631399317406,0.9395973154362416,0.9475465313028764
arch_base,21,2,9960.0,2489.0,14.0,3.0,0.0005822605303029,0.2810474437847994,0.9977911646586344,0.9497790277219766,0.849633332898674,0.8402993862336414,0.844523933258294,0.9495674753461936,2.1022799015045166,0.9601328903654484,0.9763513513513512,0.9681742043551088,0.9763313609467456,0.9792284866468842,0.9777777777777776,0.9457627118644067,0.9362416107382552,0.9409780775716696,0.9448051948051948,0.9509803921568628,0.9478827361563515,0.9225589225589226,0.9383561643835616,0.930390492359932,0.8936170212765957,0.7777777777777778,0.8316831683168316,0.9503311258278144,0.9695945945945946,0.959866220735786,0.9614147909967846,0.9552715654952076,0.9583333333333334,0.0,0.0,0.0,0.9413793103448276,0.9191919191919192,0.93015332197615
arch_base,21,3,9960.0,2489.0,14.0,3.0,0.0002360258050008,0.1840478829141862,0.9964859437751004,0.9658497388509442,0.8674862790462783,0.8657896509381262,0.8665629492883656,0.9658807162335008,2.096956253051758,0.9931740614334472,0.983108108108108,0.9881154499151102,0.9909638554216867,0.9762611275964392,0.98355754857997,0.959866220735786,0.9630872483221476,0.9614740368509214,0.9421221864951768,0.9575163398692812,0.9497568881685576,0.9788732394366196,0.952054794520548,0.9652777777777778,0.9433962264150944,0.925925925925926,0.9345794392523364,0.9665551839464884,0.9763513513513512,0.9714285714285714,0.9475308641975309,0.9808306709265175,0.9638932496075352,0.0,0.0,0.0,0.9523809523809524,0.9427609427609428,0.9475465313028766
arch_base,21,4,9962.0,2487.0,13.0,2.0,0.0003009048153902,0.1793845818245487,0.9917687211403332,0.9593888218737434,0.8531703104004913,0.8482013012885673,0.8505174445692528,0.9592074225171724,1.900395154953003,0.9795221843003412,0.9695945945945946,0.9745331069609507,0.9851632047477744,0.9851632047477744,0.9851632047477744,0.9470198675496688,0.9629629629629628,0.9549248747913188,0.9601328903654484,0.9444444444444444,0.9522240527182868,0.9494949494949496,0.9657534246575342,0.9575551782682512,0.84,0.7777777777777778,0.8076923076923077,0.9730639730639732,0.9796610169491524,0.9763513513513512,0.959375,0.9808306709265175,0.9699842022116903,0.0,0.0,0.0,0.9379310344827586,0.915824915824916,0.9267461669505964
arch_base,99,0,9956.0,2493.0,16.0,5.0,0.0004045451860674,0.1993948887498723,0.9990960224989957,0.9651022864019254,0.8664401429931516,0.8577454422190917,0.8616545785959119,0.9649791843659036,2.3502702713012695,0.9735099337748344,0.9932432432432432,0.983277591973244,0.9850746268656716,0.9792284866468842,0.982142857142857,0.986254295532646,0.9630872483221476,0.9745331069609507,0.9554140127388536,0.977198697068404,0.9661835748792272,0.9710144927536232,0.9178082191780822,0.943661971830986,0.9387755102040816,0.8363636363636363,0.8846153846153846,0.9766666666666668,0.9898648648648648,0.9832214765100672,0.962382445141066,0.9777070063694268,0.9699842022116903,0.0,0.0,0.0,0.9153094462540716,0.9429530201342282,0.9289256198347108
arch_base,99,1,9958.0,2491.0,13.0,2.0,0.0097331827946262,0.277000608046301,0.9924683671419964,0.955841027699719,0.8562706513476307,0.842370388225213,0.848348618494345,0.955512360737194,1.897001028060913,0.9668874172185432,0.9864864864864864,0.976588628762542,0.9736070381231672,0.9851632047477744,0.9793510324483776,0.9387755102040816,0.9261744966442952,0.9324324324324326,0.9508196721311476,0.9446254071661238,0.9477124183006536,0.9344262295081968,0.976027397260274,0.9547738693467336,0.9090909090909092,0.7407407407407407,0.8163265306122449,0.976271186440678,0.972972972972973,0.9746192893401016,0.9373040752351096,0.9552715654952076,0.9462025316455696,0.0,0.0,0.0,0.9755244755244756,0.9362416107382552,0.9554794520547946
arch_base,99,2,9960.0,2489.0,13.0,2.0,0.0022752300013726,0.2273329813616283,0.9921686746987952,0.9554037766171152,0.8549442332955366,0.8480187754581289,0.8511967156002086,0.9553205017236304,1.9007539749145508,0.9664429530201344,0.972972972972973,0.9696969696969696,0.9821958456973294,0.9821958456973294,0.9821958456973294,0.9518900343642612,0.929530201342282,0.9405772495755518,0.959731543624161,0.934640522875817,0.9470198675496688,0.9523809523809524,0.958904109589041,0.955631399317406,0.8979591836734694,0.8148148148148148,0.8543689320388349,0.9761092150170648,0.9662162162162162,0.9711375212224108,0.946875,0.9680511182108626,0.957345971563981,0.0,0.0,0.0,0.9158576051779936,0.9528619528619529,0.933993399339934
arch_base,99,3,9960.0,2489.0,13.0,2.0,0.0133415918520342,0.2270766255620465,0.9927710843373494,0.9582161510646846,0.8623449052904949,0.8549916282138094,0.8583422417293882,0.9581622158883316,1.8979928493499756,0.9633333333333334,0.9763513513513512,0.9697986577181208,0.9821958456973294,0.9821958456973294,0.9821958456973294,0.9391891891891893,0.9328859060402684,0.936026936026936,0.948051948051948,0.954248366013072,0.9511400651465798,0.9320388349514565,0.9863013698630136,0.9584026622296172,0.9591836734693876,0.8703703703703703,0.912621359223301,0.9861111111111112,0.9594594594594594,0.9726027397260274,0.9612903225806452,0.952076677316294,0.956661316211878,0.0,0.0,0.0,0.952054794520548,0.936026936026936,0.9439728353140916
arch_base,99,4,9962.0,2487.0,14.0,3.0,0.0060876824622723,0.2955553768241052,0.9965870307167236,0.9509449135504624,0.8487613827234346,0.8474939635859224,0.8479211893926223,0.9508891315081476,2.0513198375701904,0.9602649006622516,0.9797297297297296,0.9698996655518396,0.9794117647058824,0.9881305637982196,0.983751846381093,0.9315960912052116,0.9629629629629628,0.9470198675496688,0.9528619528619529,0.9248366013071896,0.9386401326699836,0.9144736842105264,0.952054794520548,0.9328859060402684,0.8679245283018868,0.8518518518518519,0.8598130841121496,0.959731543624161,0.9694915254237289,0.9645868465430016,0.9829931972789115,0.9233226837060704,0.9522240527182868,0.0,0.0,0.0,0.9383561643835616,0.9225589225589226,0.930390492359932
arch_wider,42,0,9956.0,2493.0,12.0,1.0,0.012070023736208,0.2801119636745981,0.9864403374849338,0.9502607300441236,0.8512544384107181,0.8428091158055275,0.8463829111970345,0.950168088558036,3.5711569786071777,0.9572368421052632,0.983108108108108,0.97,0.9708454810495628,0.9881305637982196,0.9794117647058824,0.9260450160771704,0.9664429530201344,0.9458128078817734,0.9823943661971832,0.9087947882736156,0.9441624365482234,0.9480968858131488,0.9383561643835616,0.9432013769363168,0.8979591836734694,0.8,0.8461538461538463,0.983108108108108,0.983108108108108,0.983108108108108,0.9632107023411371,0.9171974522292994,0.9396411092985318,0.0,0.0,0.0,0.8836477987421384,0.9429530201342282,0.9123376623376622
arch_wider,42,1,9958.0,2491.0,13.0,2.0,0.0036442390317719,0.229298869238397,0.9948784896565576,0.9550381372942592,0.8552536511532752,0.8506686498843876,0.8528199029391021,0.9549165207578132,4.050891876220703,0.9731543624161074,0.9797297297297296,0.9764309764309764,0.9510086455331412,0.9792284866468842,0.9649122807017544,0.9593220338983052,0.9496644295302014,0.954468802698145,0.9456869009584664,0.9641693811074918,0.9548387096774194,0.9574468085106383,0.9246575342465754,0.940766550522648,0.9019607843137256,0.8518518518518519,0.8761904761904761,0.9595959595959596,0.9628378378378378,0.9612141652613828,0.9555555555555556,0.9616613418530352,0.9585987261146496,0.0,0.0,0.0,0.9488054607508531,0.9328859060402684,0.9407783417935702
arch_wider,42,2,9960.0,2489.0,12.0,1.0,0.0083978587434694,0.2620486577641054,0.98714859437751,0.9477701888308556,0.8502046488751442,0.840520167326753,0.8446940223979806,0.9476851285816156,3.798931121826172,0.9695945945945946,0.9695945945945946,0.9695945945945946,0.9850299401197604,0.9762611275964392,0.9806259314456036,0.9145569620253164,0.9697986577181208,0.9413680781758956,0.979591836734694,0.9411764705882352,0.96,0.912621359223301,0.9657534246575342,0.9384359400998336,0.9148936170212766,0.7962962962962963,0.8514851485148516,0.9591836734693876,0.9527027027027029,0.9559322033898304,0.9463087248322148,0.9009584664536742,0.923076923076923,0.0,0.0,0.0,0.920265780730897,0.9326599326599326,0.9264214046822742
arch_wider,42,3,9960.0,2489.0,14.0,3.0,0.0215375908676132,0.3539797123364733,0.9973895582329316,0.9562073121735636,0.852679252120355,0.8471129468295542,0.8495688356633831,0.9560414754455856,3.982430934906006,0.9697986577181208,0.9763513513513512,0.9730639730639732,0.9851190476190476,0.9821958456973294,0.9836552748885588,0.9644128113879004,0.9093959731543624,0.9360967184801382,0.9182389937106918,0.954248366013072,0.935897435897436,0.9496644295302014,0.9691780821917808,0.9593220338983052,0.86,0.7962962962962963,0.826923076923077,0.9634551495016612,0.9797297297297296,0.9715242881072026,0.9442724458204336,0.97444089456869,0.959119496855346,0.0,0.0,0.0,0.971830985915493,0.9292929292929292,0.9500860585197934
arch_wider,42,4,9962.0,2487.0,14.0,3.0,0.0018316550402903,0.1839501517693376,0.9977916081108212,0.962203457981504,0.8504373611213968,0.8583011476670139,0.8540360794349674,0.9624210523201876,4.420688152313232,0.9828767123287672,0.9695945945945946,0.9761904761904762,0.990990990990991,0.9792284866468842,0.9850746268656716,0.9591836734693876,0.9494949494949496,0.9543147208121828,0.9633333333333334,0.9444444444444444,0.9537953795379538,0.9528619528619529,0.9691780821917808,0.9609507640067912,0.7704918032786885,0.8703703703703703,0.817391304347826,0.9663299663299664,0.9728813559322034,0.9695945945945948,0.961783439490446,0.9648562300319488,0.963317384370016,0.0,0.0,0.0,0.9565217391304348,0.9629629629629628,0.959731543624161
arch_wider,7,0,9956.0,2493.0,12.0,1.0,0.0178458048841567,0.2552414298099733,0.9856368019284854,0.945447252306458,0.8436899839909231,0.8339838565624911,0.8381330125145332,0.9451183083344435,3.7791411876678462,0.9632107023411371,0.972972972972973,0.9680672268907564,0.9484240687679084,0.9821958456973294,0.9650145772594751,0.9518900343642612,0.929530201342282,0.9405772495755518,0.9656357388316152,0.9153094462540716,0.9397993311036787,0.95985401459854,0.9006849315068494,0.9293286219081272,0.8541666666666666,0.7454545454545455,0.7961165048543689,0.9496644295302014,0.956081081081081,0.9528619528619529,0.9415384615384615,0.9745222929936306,0.9577464788732394,0.0,0.0,0.0,0.9025157232704404,0.9630872483221476,0.931818181818182
arch_wider,7,1,9958.0,2491.0,13.0,2.0,0.0002712733990009,0.1643207838215287,0.9926692106848763,0.965074267362505,0.8695753592818907,0.862165142833696,0.8656251727586902,0.965007277892991,3.813052892684937,0.9733333333333334,0.9864864864864864,0.9798657718120806,0.976470588235294,0.9851632047477744,0.980797636632201,0.9594594594594594,0.953020134228188,0.956228956228956,0.9603960396039604,0.9478827361563518,0.9540983606557376,0.9494949494949496,0.9657534246575342,0.9575551782682512,0.979591836734694,0.8888888888888888,0.9320388349514565,0.9765886287625418,0.9864864864864864,0.9815126050420168,0.9741100323624596,0.9616613418530352,0.9678456591639872,0.0,0.0,0.0,0.9463087248322148,0.9463087248322148,0.9463087248322148
arch_wider,7,2,9960.0,2489.0,15.0,4.0,0.0047317668382797,0.2968318495014762,0.9994979919678716,0.9578143832864604,0.8537156873195197,0.8407115355988483,0.846338791442992,0.9573723976125748,4.914517164230347,0.9700996677740864,0.9864864864864864,0.9782244556113904,0.9824046920821116,0.9940652818991098,0.9882005899705014,0.972318339100346,0.9429530201342282,0.9574105621805792,0.9640522875816994,0.9640522875816994,0.9640522875816994,0.938566552901024,0.9417808219178082,0.9401709401709402,0.8636363636363636,0.7037037037037037,0.7755102040816326,0.9668874172185432,0.9864864864864864,0.976588628762542,0.940625,0.9616613418530352,0.9510268562401264,0.0,0.0,0.0,0.938566552901024,0.925925925925926,0.9322033898305084
arch_wider,7,3,9960.0,2489.0,14.0,3.0,0.003223158968226,0.2690352206899405,0.9953815261044175,0.959019686621133,0.8504149199099839,0.8526806598771935,0.8514647666687972,0.959144319395328,4.383630752563477,0.976271186440678,0.972972972972973,0.9746192893401016,0.9850746268656716,0.9792284866468842,0.982142857142857,0.9727891156462584,0.959731543624161,0.9662162162162162,0.9570957095709572,0.9477124183006536,0.9523809523809524,0.9590443686006824,0.9623287671232876,0.9606837606837606,0.8035714285714286,0.8333333333333334,0.8181818181818182,0.9761092150170648,0.9662162162162162,0.9711375212224108,0.9548387096774194,0.9456869009584664,0.9502407704654894,0.0,0.0,0.0,0.9193548387096774,0.9595959595959596,0.9390444810543656
arch_wider,7,4,9962.0,2487.0,15.0,4.0,0.0269712211531717,0.3366664366962388,0.9973900823127886,0.9569762766385204,0.8450700332088088,0.8539109631310124,0.8490814946126808,0.957220719714308,4.345144271850586,0.9634551495016612,0.9797297297297296,0.9715242881072026,0.990990990990991,0.9792284866468842,0.9850746268656716,0.9493243243243245,0.9461279461279462,0.9477234401349072,0.9635761589403974,0.9509803921568628,0.9572368421052632,0.9423728813559322,0.952054794520548,0.9471890971039182,0.7580645161290323,0.8703703703703703,0.8103448275862069,0.9761092150170648,0.9694915254237289,0.9727891156462584,0.964630225080386,0.9584664536741214,0.9615384615384616,0.0,0.0,0.0,0.9421768707482994,0.9326599326599326,0.937394247038917
arch_wider,13,0,9956.0,2493.0,13.0,2.0,0.0007177408564258,0.2411058137236325,0.9909602249899558,0.9538708383473726,0.8522762852434622,0.8443095716926834,0.8479024495491382,0.9538000506141768,3.4632251262664795,0.9627118644067796,0.9594594594594594,0.961082910321489,0.9879518072289156,0.973293768545994,0.9805680119581464,0.937908496732026,0.9630872483221476,0.9503311258278144,0.9150943396226416,0.9478827361563518,0.9312,0.9565217391304348,0.9794520547945206,0.9678510998307952,0.8775510204081632,0.7818181818181819,0.8269230769230769,0.9965277777777778,0.9695945945945946,0.9828767123287672,0.9371069182389936,0.9490445859872612,0.9430379746835444,0.0,0.0,0.0,0.9513888888888888,0.9194630872483222,0.9351535836177476
arch_wider,13,1,9958.0,2491.0,14.0,3.0,0.0002741287920374,0.271330309095554,0.9970877686282386,0.955841027699719,0.8526242223327352,0.8499518830834323,0.8511359810237409,0.9557602722548636,3.898149967193603,0.97682119205298,0.9966216216216216,0.9866220735785952,0.9821428571428572,0.9792284866468842,0.9806835066864784,0.9681978798586572,0.9194630872483222,0.9432013769363168,0.9665551839464884,0.9413680781758956,0.9537953795379538,0.9387755102040816,0.9452054794520548,0.9419795221843004,0.8653846153846154,0.8333333333333334,0.8490566037735849,0.96,0.972972972972973,0.9664429530201344,0.9465408805031448,0.9616613418530352,0.9540412044374008,0.0,0.0,0.0,0.9218241042345277,0.9496644295302014,0.9355371900826446
arch_wider,13,2,9960.0,2489.0,15.0,4.0,0.0001036550643562,0.1804672917729382,0.9977911646586344,0.9578143832864604,0.8597753130891179,0.8483141554653628,0.8533424123735365,0.9575601577599728,4.25449800491333,0.972972972972973,0.972972972972973,0.972972972972973,0.9940652818991098,0.9940652818991098,0.9940652818991098,0.9427609427609428,0.9395973154362416,0.9411764705882352,0.9385113268608414,0.9477124183006536,0.9430894308943087,0.9372937293729372,0.9726027397260274,0.9546218487394956,0.9347826086956522,0.7962962962962963,0.8599999999999999,0.9570957095709572,0.9797297297297296,0.968280467445743,0.9561128526645768,0.97444089456869,0.9651898734177214,0.0,0.0,0.0,0.96415770609319,0.9057239057239056,0.934027777777778
arch_wider,13,3,9960.0,2489.0,13.0,2.0,0.0094689465548252,0.2918341191888525,0.994277108433735,0.950582563278425,0.8528108032450264,0.8424134009233433,0.8469955640829339,0.9504789393051998,3.5492331981658936,0.9825174825174824,0.9493243243243245,0.9656357388316152,0.9705014749262536,0.9762611275964392,0.9733727810650888,0.9484536082474226,0.9261744966442952,0.9371816638370118,0.9668874172185432,0.954248366013072,0.9605263157894736,0.9537366548042704,0.9178082191780822,0.9354275741710296,0.9148936170212766,0.7962962962962963,0.8514851485148516,0.9603960396039604,0.983108108108108,0.9716193656093488,0.9294478527607362,0.9680511182108626,0.9483568075117372,0.0,0.0,0.0,0.9012738853503184,0.9528619528619529,0.9263502454991815
arch_wider,13,4,9962.0,2487.0,14.0,3.0,0.0002175005071859,0.2400228803472087,0.9971893194137724,0.962203457981504,0.8604278038559038,0.8536024983801888,0.8567941157146262,0.9620818207939196,3.7928388118743896,0.9727891156462584,0.9662162162162162,0.9694915254237289,0.9794721407624634,0.9910979228486648,0.9852507374631267,0.9565217391304348,0.9629629629629628,0.959731543624161,0.9514563106796116,0.9607843137254902,0.9560975609756096,0.9493243243243245,0.9623287671232876,0.95578231292517,0.8979591836734694,0.8148148148148148,0.8543689320388349,0.9695945945945946,0.9728813559322034,0.9712351945854484,0.9612903225806452,0.952076677316294,0.956661316211878,0.0,0.0,0.0,0.9658703071672357,0.9528619528619529,0.9593220338983052
arch_wider,21,0,9956.0,2493.0,13.0,2.0,0.0011588374093951,0.1719833085492243,0.9945761349939736,0.9574809466506218,0.8580688776797093,0.8486064737595849,0.8529015899440106,0.957330109100323,3.488332986831665,0.9636963696369636,0.9864864864864864,0.9749582637729548,0.9822485207100592,0.9851632047477744,0.9837037037037036,0.9536423841059604,0.9664429530201344,0.96,0.9633333333333334,0.9413680781758956,0.9522240527182866,0.9419795221843004,0.9452054794520548,0.9435897435897436,0.9166666666666666,0.8,0.854368932038835,0.9794520547945206,0.9662162162162162,0.9727891156462584,0.9492063492063492,0.9522292993630572,0.9507154213036566,0.0,0.0,0.0,0.9304635761589404,0.9429530201342282,0.9366666666666668
arch_wider,21,1,9958.0,2491.0,14.0,3.0,0.0001424523479,0.2204219759542227,0.9982928298855192,0.9566439181051788,0.8496539056307097,0.8461715936108222,0.8477903466576521,0.9565297019930388,3.734539031982422,0.9605263157894736,0.9864864864864864,0.9733333333333332,0.984984984984985,0.973293768545994,0.9791044776119404,0.9623287671232876,0.9429530201342282,0.952542372881356,0.944078947368421,0.9348534201954396,0.939443535188216,0.9653979238754326,0.9554794520547946,0.9604130808950088,0.8235294117647058,0.7777777777777778,0.7999999999999999,0.950657894736842,0.9763513513513512,0.9633333333333334,0.967948717948718,0.9648562300319488,0.9664,0.0,0.0,0.0,0.9370860927152318,0.9496644295302014,0.9433333333333332
arch_wider,21,2,9960.0,2489.0,12.0,1.0,0.0078758823932011,0.3438707386875608,0.9864457831325302,0.944154278826838,0.8379820500481706,0.840328262668837,0.8390091814382632,0.9441179607448248,3.210955858230591,0.9661016949152542,0.9628378378378378,0.964467005076142,0.9734513274336284,0.9792284866468842,0.9763313609467454,0.950877192982456,0.9093959731543624,0.9296740994854202,0.9473684210526316,0.9411764705882352,0.9442622950819672,0.9328859060402684,0.952054794520548,0.9423728813559324,0.8035714285714286,0.8333333333333334,0.8181818181818182,0.932258064516129,0.9763513513513512,0.9537953795379538,0.9478827361563518,0.9297124600638976,0.9387096774193548,0.0,0.0,0.0,0.9254237288135592,0.9191919191919192,0.9222972972972974
arch_wider,21,3,9960.0,2489.0,13.0,2.0,0.0001405564194468,0.2078404066414806,0.9926706827309236,0.9606267577340296,0.8562442118178748,0.8616282404456099,0.8587939168445006,0.960674678757612,3.5240318775177,0.9635761589403974,0.983108108108108,0.9732441471571908,0.9909365558912386,0.973293768545994,0.9820359281437124,0.9559322033898304,0.9463087248322148,0.951096121416526,0.9504950495049505,0.9411764705882352,0.9458128078817734,0.95578231292517,0.9623287671232876,0.9590443686006824,0.8620689655172413,0.925925925925926,0.8928571428571429,0.9665551839464884,0.9763513513513512,0.9714285714285714,0.970967741935484,0.9616613418530352,0.9662921348314608,0.0,0.0,0.0,0.9461279461279462,0.9461279461279462,0.9461279461279462
arch_wider,21,4,9962.0,2487.0,12.0,1.0,0.0058707104664083,0.2454959311606391,0.9847420196747642,0.950140731805388,0.8485005943726831,0.8374601494446596,0.8421540012647967,0.9497850516722028,3.337415933609009,0.9573770491803278,0.9864864864864864,0.9717138103161398,0.9682080924855492,0.9940652818991098,0.9809663250366032,0.9742647058823528,0.8922558922558923,0.9314586994727592,0.9184952978056428,0.9575163398692812,0.9376,0.9304635761589404,0.9623287671232876,0.9461279461279462,0.8695652173913043,0.7407407407407407,0.7999999999999999,0.972508591065292,0.9593220338983052,0.9658703071672357,0.9672131147540984,0.9424920127795527,0.9546925566343042,0.0,0.0,0.0,0.9269102990033222,0.9393939393939394,0.9331103678929766
arch_wider,99,0,9956.0,2493.0,13.0,2.0,0.0228161229114952,0.2582550709822551,0.9930695058256328,0.9630966706778982,0.8537872621687803,0.8605542453904267,0.8568751334489102,0.9631647801958256,3.526581048965454,0.9798657718120806,0.9864864864864864,0.9831649831649832,0.988095238095238,0.9851632047477744,0.986627043090639,0.9828178694158076,0.959731543624161,0.9711375212224108,0.9540983606557376,0.9478827361563518,0.9509803921568628,0.9391891891891893,0.952054794520548,0.9455782312925172,0.8032786885245902,0.8909090909090909,0.8448275862068965,0.9831649831649832,0.9864864864864864,0.984822934232715,0.9596273291925466,0.9840764331210192,0.9716981132075472,0.0,0.0,0.0,0.9477351916376306,0.912751677852349,0.92991452991453
arch_wider,99,1,9958.0,2491.0,13.0,2.0,0.0030372440740884,0.277842983123244,0.9911628841132758,0.9554395824969892,0.8573213144583752,0.8390675668017314,0.8464859835870779,0.9550161274285512,3.475101947784424,0.9767441860465116,0.9932432432432432,0.984924623115578,0.9821958456973294,0.9821958456973294,0.9821958456973294,0.9429530201342282,0.9429530201342282,0.9429530201342282,0.9536423841059604,0.9381107491856676,0.9458128078817734,0.9076433121019108,0.976027397260274,0.9405940594059404,0.926829268292683,0.7037037037037037,0.8000000000000002,0.9633333333333334,0.9763513513513512,0.9697986577181208,0.9583333333333334,0.9552715654952076,0.9568,0.0,0.0,0.0,0.9615384615384616,0.9228187919463088,0.9417808219178082
arch_wider,99,2,9960.0,2489.0,13.0,2.0,0.0052203075370536,0.2435232618796253,0.993273092369478,0.9598232221775812,0.863664089911698,0.8529927628947747,0.8578029006187267,0.9596622919568276,3.4737300872802734,0.9794520547945206,0.9662162162162162,0.9727891156462584,0.9736842105263158,0.9881305637982196,0.9808541973490428,0.9491525423728814,0.9395973154362416,0.9443507588532882,0.9511400651465798,0.954248366013072,0.9526916802610114,0.9491525423728814,0.958904109589041,0.9540034071550256,0.9574468085106383,0.8333333333333334,0.8910891089108911,0.9763513513513512,0.9763513513513512,0.9763513513513512,0.9420731707317072,0.987220447284345,0.9641185647425896,0.0,0.0,0.0,0.9581881533101044,0.925925925925926,0.9417808219178084
arch_wider,99,3,9960.0,2489.0,13.0,2.0,0.0009833050418656,0.1769402603823624,0.993875502008032,0.96544797107272,0.8686054732709136,0.8671189175577236,0.8677539646157925,0.965535773623036,3.6389729976654057,0.9795221843003412,0.9695945945945946,0.9745331069609507,0.993993993993994,0.9821958456973294,0.9880597014925374,0.9233226837060704,0.9697986577181208,0.9459901800327332,0.9731543624161074,0.9477124183006536,0.9602649006622516,0.9562289562289562,0.9726027397260274,0.9643463497453312,0.9622641509433962,0.9444444444444444,0.9532710280373832,0.9897610921501706,0.9797297297297296,0.9847198641765704,0.9642857142857144,0.9488817891373802,0.9565217391304348,0.0,0.0,0.0,0.9435215946843852,0.9562289562289562,0.9498327759197324
arch_wider,99,4,9962.0,2487.0,12.0,1.0,0.0059560316123091,0.2744794940386055,0.9838385866291908,0.9437072778447928,0.8441319096827469,0.8352197316412047,0.8391397012660515,0.943426073565419,3.2614450454711914,0.9727891156462584,0.9662162162162162,0.9694915254237289,0.9228650137741048,0.9940652818991098,0.9571428571428572,0.930921052631579,0.9528619528619529,0.9417637271214642,0.9550173010380624,0.9019607843137256,0.9277310924369748,0.9577464788732394,0.9315068493150684,0.9444444444444444,0.875,0.7777777777777778,0.823529411764706,0.9533333333333334,0.9694915254237289,0.961344537815126,0.9516129032258064,0.9424920127795527,0.9470304975922954,0.0,0.0,0.0,0.9220338983050848,0.915824915824916,0.918918918918919
arch_deeper,42,0,9956.0,2493.0,12.0,1.0,0.0002630477478045,0.2418177490391861,0.978304539975894,0.9458483754512635,0.8441514696280636,0.8389252067213215,0.8408671141999833,0.945857036580614,1.8338680267333984,0.9698996655518396,0.9797297297297296,0.9747899159663864,0.9652173913043478,0.9881305637982196,0.9765395894428152,0.935064935064935,0.9664429530201344,0.9504950495049505,0.9656357388316152,0.9153094462540716,0.9397993311036787,0.9699248120300752,0.8835616438356164,0.9247311827956988,0.8461538461538461,0.8,0.8224299065420562,0.9828767123287672,0.9695945945945946,0.9761904761904762,0.9478827361563518,0.926751592356688,0.9371980676328502,0.0,0.0,0.0,0.8588588588588588,0.959731543624161,0.9064976228209192
arch_deeper,42,1,9958.0,2491.0,13.0,2.0,0.0129394843531221,0.3107916968240201,0.9928700542277564,0.955841027699719,0.8536658932878016,0.8467237663215874,0.8499195493964405,0.9556979840986196,1.9667789936065672,0.9697986577181208,0.9763513513513512,0.9730639730639732,0.9707602339181286,0.9851632047477744,0.9779086892488954,0.95578231292517,0.9429530201342282,0.9493243243243245,0.9333333333333332,0.9576547231270358,0.945337620578778,0.9678571428571427,0.928082191780822,0.9475524475524476,0.8775510204081632,0.7962962962962963,0.8349514563106796,0.9565217391304348,0.9662162162162162,0.961344537815126,0.9710610932475884,0.9648562300319488,0.9679487179487178,0.0,0.0,0.0,0.933993399339934,0.9496644295302014,0.9417637271214642
arch_deeper,42,2,9960.0,2489.0,13.0,2.0,0.0004316839790026,0.2172397023159523,0.9904618473895582,0.9473684210526316,0.8421106040728631,0.8367781678410134,0.8391473683990849,0.947256356871094,1.9736130237579343,0.9759450171821306,0.9594594594594594,0.9676320272572404,0.987878787878788,0.9673590504451038,0.977511244377811,0.9461279461279462,0.9429530201342282,0.9445378151260504,0.9363057324840764,0.9607843137254902,0.9483870967741936,0.960431654676259,0.9143835616438356,0.9368421052631578,0.82,0.7592592592592593,0.7884615384615384,0.9442622950819672,0.972972972972973,0.9584026622296172,0.9181818181818182,0.9680511182108626,0.942457231726283,0.0,0.0,0.0,0.9319727891156464,0.9225589225589226,0.9272419627749576
arch_deeper,42,3,9960.0,2489.0,15.0,4.0,0.0001969116675595,0.248682444449666,0.9960843373493976,0.952591402169546,0.8546077973293121,0.8442637564000964,0.8487917670618661,0.9526174844843364,2.2595458030700684,0.9666666666666668,0.9797297297297296,0.9731543624161074,0.982089552238806,0.9762611275964392,0.9791666666666664,0.9484536082474226,0.9261744966442952,0.9371816638370118,0.904320987654321,0.9575163398692812,0.9301587301587304,0.978494623655914,0.934931506849315,0.956217162872154,0.9148936170212766,0.7962962962962963,0.8514851485148516,0.9797979797979798,0.983108108108108,0.981450252951096,0.9735973597359736,0.9424920127795527,0.957792207792208,0.0,0.0,0.0,0.8977635782747604,0.9461279461279462,0.921311475409836
arch_deeper,42,4,9962.0,2487.0,14.0,3.0,0.0205289588432658,0.223738116267696,0.9928729170849228,0.9529553679131484,0.8416330485133992,0.8492076162780842,0.8449731173260584,0.9531152385280957,2.1270129680633545,0.9863013698630136,0.972972972972973,0.979591836734694,0.9765395894428152,0.9881305637982196,0.9823008849557522,0.9523809523809524,0.9427609427609428,0.9475465313028766,0.9470198675496688,0.934640522875817,0.9407894736842104,0.9344262295081968,0.976027397260274,0.9547738693467336,0.7540983606557377,0.8518518518518519,0.7999999999999999,0.96,0.976271186440678,0.9680672268907564,0.976271186440678,0.9201277955271564,0.9473684210526316,0.0,0.0,0.0,0.9292929292929292,0.9292929292929292,0.9292929292929292
arch_deeper,7,0,9956.0,2493.0,12.0,1.0,0.0079780382467873,0.2584262390519192,0.98272398553636,0.946249498596069,0.8423741551471979,0.8347641839931181,0.8382040626976549,0.946016458779504,1.8331289291381836,0.9630872483221476,0.9695945945945946,0.9663299663299664,0.9566473988439308,0.9821958456973294,0.9692532942898976,0.9245901639344264,0.9463087248322148,0.9353233830845772,0.962457337883959,0.9185667752442996,0.94,0.9442508710801394,0.928082191780822,0.9360967184801382,0.8367346938775511,0.7454545454545455,0.7884615384615385,0.9559322033898304,0.9527027027027029,0.9543147208121828,0.9587301587301588,0.961783439490446,0.9602543720190778,0.0,0.0,0.0,0.921311475409836,0.9429530201342282,0.9320066334991708
arch_deeper,7,1,9958.0,2491.0,13.0,2.0,0.0200552063193499,0.2263128433908215,0.991464149427596,0.9666800481734245,0.8681383894538369,0.8695334916536629,0.8687859545740368,0.9666178402106308,1.9639410972595217,0.966996699669967,0.9898648648648648,0.9782971619365608,0.9736070381231672,0.9851632047477744,0.9793510324483776,0.969283276450512,0.953020134228188,0.961082910321489,0.9667774086378738,0.9478827361563518,0.9572368421052632,0.9623287671232876,0.9623287671232876,0.9623287671232876,0.9454545454545454,0.9629629629629628,0.9541284403669724,0.97,0.983108108108108,0.976510067114094,0.971153846153846,0.9680511182108626,0.9696,0.0,0.0,0.0,0.95578231292517,0.9429530201342282,0.9493243243243245
arch_deeper,7,2,9960.0,2489.0,14.0,3.0,0.000190900998159,0.2900565258894567,0.994277108433735,0.948573724387304,0.8465770826435817,0.8347160057818526,0.8398356934936764,0.9482474603797204,2.1160881519317627,0.976271186440678,0.972972972972973,0.9746192893401016,0.9823529411764704,0.9910979228486648,0.9867060561299852,0.9591836734693876,0.9463087248322148,0.9527027027027024,0.956810631229236,0.9411764705882352,0.9489291598023064,0.9003215434083601,0.958904109589041,0.9286898839137644,0.8666666666666667,0.7222222222222222,0.7878787878787877,0.9666666666666668,0.9797297297297296,0.9731543624161074,0.9276729559748428,0.9424920127795527,0.9350237717908084,0.0,0.0,0.0,0.9298245614035088,0.8922558922558923,0.9106529209621994
arch_deeper,7,3,9960.0,2489.0,13.0,2.0,0.0105330796606596,0.2774898342050798,0.9901606425702812,0.9517878666130976,0.8522585748914306,0.8464819765389648,0.8490970625831664,0.9516127131705546,1.9615120887756348,0.9451612903225808,0.9898648648648648,0.966996699669967,0.96242774566474,0.9881305637982196,0.9751098096632504,0.9547038327526132,0.9194630872483222,0.9367521367521368,0.9509803921568628,0.9509803921568628,0.9509803921568628,0.9364548494983278,0.958904109589041,0.9475465313028764,0.9,0.8333333333333334,0.8653846153846153,0.9825783972125436,0.9527027027027029,0.967409948542024,0.9519230769230768,0.9488817891373802,0.9504,0.0,0.0,0.0,0.9383561643835616,0.9225589225589226,0.930390492359932
arch_deeper,7,4,9962.0,2487.0,13.0,2.0,0.0002118402983105,0.2539001436815815,0.9899618550491868,0.9457177322074788,0.8394796464083969,0.8400569115014221,0.8395195015215344,0.9457613298928316,1.974663257598877,0.9478827361563518,0.983108108108108,0.965174129353234,0.9818731117824774,0.9643916913946587,0.9730538922155688,0.9358108108108107,0.9326599326599326,0.9342327150084316,0.9411764705882352,0.9411764705882352,0.9411764705882352,0.9851301115241636,0.9075342465753424,0.9447415329768272,0.8,0.8148148148148148,0.8073394495412846,0.9661016949152542,0.9661016949152542,0.9661016949152542,0.9292307692307692,0.9648562300319488,0.9467084639498432,0.0,0.0,0.0,0.9075907590759076,0.925925925925926,0.9166666666666666
arch_deeper,13,0,9956.0,2493.0,12.0,1.0,0.0026305515619812,0.2504747360793101,0.9794094013660104,0.9426393902928198,0.8439639084659409,0.8319920577415945,0.837100433578635,0.9423596209195394,1.8311340808868408,0.9329073482428116,0.9864864864864864,0.9589490968801314,0.9851190476190476,0.9821958456973294,0.9836552748885588,0.9523809523809524,0.9395973154362416,0.945945945945946,0.9177631578947368,0.9087947882736156,0.9132569558101474,0.9223300970873788,0.976027397260274,0.9484193011647254,0.8913043478260869,0.7454545454545455,0.8118811881188119,0.98932384341637,0.9391891891891893,0.9636048526863084,0.9335443037974684,0.9394904458598726,0.9365079365079364,0.0,0.0,0.0,0.9149659863945578,0.9026845637583892,0.9087837837837835
arch_deeper,13,1,9958.0,2491.0,13.0,2.0,0.0023696114655694,0.2383142169849562,0.9878489656557542,0.9470092332396628,0.839857883058673,0.8349826309825449,0.8371481591416037,0.9468425130733992,1.9619510173797607,0.9667774086378738,0.983108108108108,0.9748743718592964,0.993939393939394,0.973293768545994,0.9835082458770612,0.9335548172757476,0.9429530201342282,0.9382303839732888,0.9629629629629628,0.9315960912052116,0.9470198675496688,0.9469964664310954,0.9178082191780822,0.9321739130434784,0.8,0.7407407407407407,0.7692307692307692,0.9504950495049505,0.972972972972973,0.9616026711185308,0.918429003021148,0.9712460063897764,0.9440993788819876,0.0,0.0,0.0,0.9254237288135592,0.9161073825503356,0.920741989881956
arch_deeper,13,2,9960.0,2489.0,13.0,2.0,0.000562496173017,0.2062376788123822,0.989558232931727,0.959019686621133,0.8589405223165208,0.8495440619984033,0.853740624730863,0.9588114973841874,1.9649417400360107,0.9573770491803278,0.9864864864864864,0.9717138103161398,0.993993993993994,0.9821958456973294,0.9880597014925374,0.9595959595959596,0.9563758389261744,0.957983193277311,0.9632107023411371,0.9411764705882352,0.9520661157024792,0.94,0.9657534246575342,0.9527027027027024,0.9148936170212766,0.7962962962962963,0.8514851485148516,0.9540983606557376,0.983108108108108,0.9683860232945092,0.9648562300319488,0.9648562300319488,0.9648562300319488,0.0,0.0,0.0,0.9413793103448276,0.9191919191919192,0.93015332197615
arch_deeper,13,3,9960.0,2489.0,13.0,2.0,0.0027383423925107,0.2543289418394566,0.9909638554216867,0.948573724387304,0.8520136175419099,0.837640431301222,0.8438555460734378,0.9483029723331744,1.9632229804992676,0.9663299663299664,0.9695945945945946,0.9679595278246208,0.9792899408284024,0.9821958456973294,0.9807407407407408,0.9256756756756755,0.9194630872483222,0.9225589225589228,0.959866220735786,0.937908496732026,0.9487603305785124,0.943661971830986,0.9178082191780822,0.9305555555555556,0.9318181818181818,0.7592592592592593,0.836734693877551,0.96,0.972972972972973,0.9664429530201344,0.9384615384615383,0.97444089456869,0.9561128526645768,0.0,0.0,0.0,0.915032679738562,0.9427609427609428,0.9286898839137644
arch_deeper,13,4,9962.0,2487.0,12.0,1.0,0.0152601217993524,0.2751453431273751,0.984641638225256,0.9493365500603136,0.848438763301367,0.8416360690758905,0.844708064657716,0.9492977219463332,1.813053846359253,0.986013986013986,0.9527027027027029,0.9690721649484536,0.9791666666666666,0.9762611275964392,0.9777117384843982,0.9563758389261744,0.9595959595959596,0.957983193277311,0.9531772575250836,0.931372549019608,0.9421487603305784,0.9379310344827586,0.9315068493150684,0.9347079037800688,0.8775510204081632,0.7962962962962963,0.8349514563106796,0.9537953795379538,0.9796610169491524,0.9665551839464882,0.939102564102564,0.9361022364217252,0.9376,0.0,0.0,0.0,0.9012738853503184,0.9528619528619529,0.9263502454991815
arch_deeper,21,0,9956.0,2493.0,12.0,1.0,0.0052854254835374,0.1590870891400347,0.982824427480916,0.9566787003610108,0.8575317372054514,0.8479187202940162,0.8522565348439016,0.9565533635955984,1.8241870403289795,0.9700996677740864,0.9864864864864864,0.9782244556113904,0.976470588235294,0.9851632047477744,0.980797636632201,0.972318339100346,0.9429530201342282,0.9574105621805792,0.9455128205128204,0.9609120521172638,0.9531502423263328,0.9302325581395348,0.958904109589041,0.9443507588532885,0.9166666666666666,0.8,0.854368932038835,0.976027397260274,0.9628378378378378,0.9693877551020408,0.964401294498382,0.9490445859872612,0.956661316211878,0.0,0.0,0.0,0.9235880398671096,0.9328859060402684,0.9282136894824708
arch_deeper,21,1,9958.0,2491.0,13.0,2.0,0.0198886109492898,0.2906745216066171,0.9897569793131152,0.9514251304696908,0.8436722714128241,0.8405892651544905,0.8419888192630172,0.9513372960544476,2.0009427070617676,0.9570957095709572,0.9797297297297296,0.968280467445743,0.9938271604938272,0.9554896142433236,0.9742813918305596,0.94314381270903,0.9463087248322148,0.9447236180904522,0.946843853820598,0.9283387622149836,0.9375,0.9461279461279462,0.9623287671232876,0.9541595925297114,0.803921568627451,0.7592592592592593,0.780952380952381,0.9634551495016612,0.9797297297297296,0.9715242881072026,0.9584664536741214,0.9584664536741214,0.9584664536741214,0.0,0.0,0.0,0.9238410596026492,0.9362416107382552,0.93
arch_deeper,21,2,9960.0,2489.0,13.0,2.0,0.0081075336576769,0.3030420304918855,0.9941767068273092,0.9497790277219766,0.8490720157098739,0.8465417326646802,0.8477436616051683,0.9497691551819408,1.967867851257324,0.959731543624161,0.9662162162162162,0.962962962962963,0.9761904761904762,0.973293768545994,0.974739970282318,0.9427609427609428,0.9395973154362416,0.9411764705882352,0.9446254071661238,0.9477124183006536,0.9461663947797716,0.9292929292929292,0.9452054794520548,0.937181663837012,0.8846153846153846,0.8518518518518519,0.8679245283018868,0.959731543624161,0.9662162162162162,0.962962962962963,0.9671052631578948,0.939297124600639,0.9529983792544572,0.0,0.0,0.0,0.9266666666666666,0.936026936026936,0.9313232830820768
arch_deeper,21,3,9960.0,2489.0,14.0,3.0,0.0061191336935543,0.2412891722070033,0.9923694779116464,0.9578143832864604,0.852074440910827,0.8591832843585012,0.8552354527477387,0.9578733833394384,2.111721992492676,0.9797297297297296,0.9797297297297296,0.9797297297297298,0.9821428571428572,0.9792284866468842,0.9806835066864784,0.9283387622149836,0.9563758389261744,0.9421487603305786,0.9722222222222222,0.915032679738562,0.9427609427609428,0.9646643109540636,0.934931506849315,0.9495652173913044,0.8333333333333334,0.925925925925926,0.8771929824561403,0.959866220735786,0.9695945945945946,0.9647058823529412,0.9439252336448598,0.9680511182108626,0.9558359621451104,0.0,0.0,0.0,0.9565217391304348,0.9629629629629628,0.959731543624161
arch_deeper,21,4,9962.0,2487.0,14.0,3.0,0.014204974951755,0.2286506608713597,0.993876731580004,0.9618013671089666,0.8669640946895937,0.8515798588263219,0.8582382968167128,0.9616335110165944,2.145231008529663,0.9733333333333334,0.9864864864864864,0.9798657718120806,0.9940298507462688,0.9881305637982196,0.9910714285714286,0.9586206896551724,0.936026936026936,0.9471890971039184,0.946031746031746,0.9738562091503268,0.9597423510466988,0.9651567944250872,0.9486301369863014,0.9568221070811744,0.9772727272727272,0.7962962962962963,0.8775510204081632,0.986254295532646,0.9728813559322034,0.9795221843003412,0.933130699088146,0.9808306709265175,0.956386292834891,0.0,0.0,0.0,0.9358108108108107,0.9326599326599326,0.9342327150084316
arch_deeper,99,0,9956.0,2493.0,13.0,2.0,0.0081984810284922,0.2610046668485689,0.9895540377661712,0.9570798235058164,0.8595660754256231,0.8480782780899648,0.8530518629580305,0.9567947379604386,1.9932761192321775,0.9638157894736842,0.9898648648648648,0.9766666666666668,0.9792899408284024,0.9821958456973294,0.9807407407407408,0.9790209790209792,0.9395973154362416,0.958904109589041,0.945859872611465,0.96742671009772,0.9565217391304348,0.9111842105263158,0.9486301369863014,0.929530201342282,0.9361702127659576,0.8,0.8627450980392157,0.9797297297297296,0.9797297297297296,0.9797297297297298,0.9507692307692308,0.9840764331210192,0.9671361502347418,0.0,0.0,0.0,0.949820788530466,0.889261744966443,0.9185441941074524
arch_deeper,99,1,9958.0,2491.0,13.0,2.0,0.0044429135499895,0.2667364452498534,0.9920666800562362,0.9542352468887996,0.8517754360471221,0.8428121221250805,0.8468062441311466,0.9540478643440984,1.9951810836791992,0.9732441471571908,0.983108108108108,0.9781512605042018,0.9908256880733946,0.9614243323442137,0.9759036144578314,0.9393939393939394,0.9362416107382552,0.9378151260504204,0.9383116883116884,0.9413680781758956,0.9398373983739836,0.9405940594059404,0.976027397260274,0.9579831932773109,0.8723404255319149,0.7592592592592593,0.8118811881188118,0.9630872483221476,0.9695945945945946,0.9663299663299664,0.937888198757764,0.9648562300319488,0.9511811023622048,0.0,0.0,0.0,0.9620689655172414,0.9362416107382552,0.9489795918367346
arch_deeper,99,2,9960.0,2489.0,13.0,2.0,0.0047711076965622,0.2655795223759018,0.9911646586345382,0.9489754921655283,0.8466592313353593,0.8426368153833815,0.8445251633884849,0.9488637870096842,1.9766499996185305,0.9587628865979382,0.9425675675675677,0.950596252129472,0.973529411764706,0.9821958456973294,0.9778434268833088,0.9383561643835616,0.9194630872483222,0.9288135593220338,0.946843853820598,0.931372549019608,0.9390444810543658,0.9518900343642612,0.9486301369863014,0.9502572898799314,0.8627450980392157,0.8148148148148148,0.838095238095238,0.9632107023411371,0.972972972972973,0.9680672268907564,0.949685534591195,0.9648562300319488,0.9572107765451664,0.0,0.0,0.0,0.9215686274509804,0.9494949494949496,0.9353233830845772
arch_deeper,99,3,9960.0,2489.0,13.0,2.0,0.0059021697615014,0.207191161588861,0.9906626506024095,0.9594214543993572,0.8668009919847574,0.8529217780787925,0.8589874402643561,0.95931074767481,1.9775540828704832,0.9633333333333334,0.9763513513513512,0.9697986577181208,0.9851190476190476,0.9821958456973294,0.9836552748885588,0.9344262295081968,0.9563758389261744,0.945273631840796,0.9662162162162162,0.934640522875817,0.9501661129568106,0.9342105263157896,0.9726027397260274,0.953020134228188,1.0,0.8333333333333334,0.9090909090909092,0.9864406779661016,0.983108108108108,0.9847715736040608,0.946875,0.9680511182108626,0.957345971563981,0.0,0.0,0.0,0.9513888888888888,0.9225589225589226,0.9367521367521368
arch_deeper,99,4,9962.0,2487.0,14.0,3.0,0.0002233695499922,0.2489840248100957,0.9950813089741016,0.9477281865701648,0.8386493239539426,0.8463303404111409,0.8419710318763242,0.9478623877395552,2.1666109561920166,0.9662162162162162,0.9662162162162162,0.9662162162162162,0.9765395894428152,0.9881305637982196,0.9823008849557522,0.9198717948717948,0.9663299663299664,0.942528735632184,0.9491525423728814,0.915032679738562,0.9317803660565724,0.9233333333333332,0.9486301369863014,0.9358108108108107,0.7704918032786885,0.8703703703703703,0.817391304347826,0.9498327759197324,0.9627118644067796,0.9562289562289562,0.9763513513513512,0.9233226837060704,0.949096880131363,0.0,0.0,0.0,0.9547038327526132,0.9225589225589226,0.9383561643835616
